trial,model,val_accuracy,val_precision,val_recall,val_f1,val_auroc,test_accuracy,test_precision,test_recall,test_f1,test_auroc
1,Logistic Regression,0.5991580856661323,0.14994781944056562,0.6903099201515767,0.24637789665624132,0.7090474999241111,0.6669743381152777,0.3148502347935901,0.7629084967320261,0.44574339747094716,0.7898729110097603
1,Linear SVM,0.5948406091996548,0.14811199244680417,0.6878738665583977,0.24374184761758613,0.7063499142032743,0.6690837127078738,0.3161771510003146,0.761319073083779,0.44679821636394546,0.7906579074152075
1,Random Forest,0.3982149463559009,0.11135888172280246,0.7650561645689539,0.19441884139714682,0.626514562524831,0.4699655303682149,0.22772749118872157,0.8446078431372549,0.3587318611987382,0.7182619054166308
1,KNN (k=5),0.55,0.5404269081500647,0.6684,0.5976394849785408,0.5790758599999999,0.5813,0.5647396082178691,0.7092,0.6287791470875077,0.6186878
2,Logistic Regression,0.6498673645478272,0.2583019604121189,0.46778197929796417,0.33282378438606147,0.6190446845799148,0.7511333206823118,0.5840105202818896,0.4287977817389582,0.49451098516752556,0.780662800397656
2,Linear SVM,0.6578147952707617,0.26028451441261186,0.45215996333218744,0.3303843040942201,0.6205823193288609,0.7477737716209473,0.5789575154234436,0.4089052287581699,0.47929483459082994,0.7837157533220052
2,Random Forest,0.5989328550850721,0.23063344787573867,0.491568312898667,0.3139623884292732,0.5887614021475363,0.627213050231584,0.3818438285271231,0.5059912854030502,0.43523768453892553,0.6589926119333266
2,KNN (k=5),0.5258,0.5241392215568862,0.5602,0.541569992266048,0.54256728,0.5543,0.5540513637268565,0.5566,0.555322757657388,0.5770993999999999
3,Logistic Regression,0.7111965269212451,0.16820861627269573,0.4261904761904762,0.2412147366225766,0.6200685713756581,0.7423794218315936,0.5139316377774178,0.45549991923760297,0.4829548157521669,0.6586679609913084
3,Linear SVM,0.72287725768437,0.1749247226160209,0.4231859410430839,0.24753172899171855,0.6312252365750294,0.7474684984498109,0.5258634343093054,0.4469211579533014,0.4831891805362193,0.669470711681222
3,Random Forest,0.5268846092786401,0.12291590528159696,0.5529195011337869,0.20112175356476375,0.568948837478614,0.6110874079130756,0.33493678189754655,0.4792350903641487,0.39429870868188094,0.6158534390859605
3,KNN (k=5),0.5376,0.5340209916757148,0.5902,0.5607068212046361,0.5564155199999999,0.5577,0.5574357953414294,0.56,0.5587149556021151,0.5814482200000001
4,Logistic Regression,0.6654386951631046,0.4548935203711916,0.3432659190702382,0.39127380980068377,0.6890120530988547,0.824385938174706,0.23666233126665234,0.4542854372697305,0.3112022515753555,0.7332229290663093
4,Linear SVM,0.6643215052663871,0.449236641221374,0.3170021056755301,0.3717091097011283,0.6846049606560045,0.8274192046195399,0.2368269733403032,0.4392573201473725,0.30773672055427254,0.7342671254275503
4,Random Forest,0.6531010328254423,0.43935667504905074,0.3892806424758827,0.41280556673460644,0.6711609858169254,0.6937903765229834,0.12257829038615957,0.40701958503005625,0.1884137652457839,0.6149627176988501
4,KNN (k=5),0.5647,0.5759211452710631,0.4908,0.5299643666990606,0.59342248,0.5347,0.534958694338102,0.531,0.5329719963866305,0.55237686
5,Logistic Regression,0.6720880326572761,0.3425591882750846,0.24407092796754826,0.28504755092228856,0.5916209153485658,0.6449488950478788,0.3298686312799574,0.34751912323028294,0.33846392043643386,0.5953585185079241
5,Linear SVM,0.67494930915232,0.33870478731467724,0.22434082374440228,0.26990819038415076,0.5868829349328193,0.6518117695364627,0.32602691426220837,0.31128317342759354,0.3184845005740528,0.5933047345755668
5,Random Forest,0.6709128655253831,0.4074943353934364,0.5038054501275178,0.450560551706798,0.6573672052359988,0.5739127671950689,0.3093887339717303,0.5115019918083376,0.3855639945724003,0.5871422483150456
5,KNN (k=5),0.5515,0.5573624415237246,0.5004,0.5273474549478343,0.57548046,0.5451,0.5474237644584647,0.5206,0.5336750384418247,0.56562782
6,Logistic Regression,0.773792447455696,0.4407664447726767,0.2621798575004814,0.3287877987487831,0.7414356341580719,0.48497756891829974,0.2730793926966176,0.07691320428903123,0.12002203074290033,0.4042425111844833
6,Linear SVM,0.7754328674032025,0.4416625610247682,0.23736279607163488,0.3087786319299839,0.7386069242675916,0.48854203296996046,0.2627269162457039,0.06644731468841518,0.10606843695726066,0.3964927625124919
6,Random Forest,0.6999354005167958,0.3119820683858314,0.34843780088580784,0.32920374108081984,0.6646997976693956,0.490761164924395,0.4273559631406954,0.33873545918069703,0.37791995626167496,0.46878871696146457
6,KNN (k=5),0.5564,0.5701492537313433,0.4584,0.5082039911308204,0.58367614,0.4768,0.474210760337928,0.4266,0.4491471888818699,0.47229615999999996
7,Logistic Regression,0.4026848119522207,0.2574815264264199,0.09661340813920397,0.14050564056476597,0.3929704246900493,0.7367368592882795,0.3318406889128095,0.31529209621993126,0.3233548008139462,0.608390961054673
7,Linear SVM,0.403681241242722,0.24185292711649004,0.08433142253120299,0.1250568974820415,0.3813127315441612,0.7457177059527696,0.33968274192520864,0.2908416516663939,0.3133705553923009,0.6121980678597494
7,Random Forest,0.4208095525724312,0.3689361453866573,0.20567548888075782,0.2641127242922103,0.40156420331131243,0.6571090434214822,0.28181795600009935,0.46413571155839195,0.3506967878210247,0.6250258710382909
7,KNN (k=5),0.4557,0.44424867858041783,0.353,0.3934024295107545,0.4451427,0.5558,0.5582220367278798,0.535,0.5463643790849673,0.5755192
8,Logistic Regression,0.6969537049602187,0.5387360594795539,0.23232177495631542,0.32464521332004165,0.6878634467066834,0.5257124669241476,0.7274806678587187,0.2623084652097463,0.38558584062082674,0.6476117076117929
8,Linear SVM,0.6962098480622025,0.5394924727673289,0.21198640568139918,0.30437334560939117,0.6861006219409606,0.524273043833521,0.7381593243777164,0.25029305869547014,0.37382914598001576,0.6429683932719059
8,Random Forest,0.665314656493921,0.45662340337865676,0.3553198993250934,0.3996519983050695,0.649248800066902,0.5551565075700353,0.6863116222620355,0.39773088838650256,0.5036100126164905,0.635015366571682
8,KNN (k=5),0.567,0.5845959595959596,0.463,0.5167410714285714,0.5900576200000001,0.5537,0.5618521078092605,0.4878,0.5222138957285087,0.57736214
9,Logistic Regression,0.7597484200242418,0.5349063160962922,0.5597081456456456,0.5470262503200559,0.7405653279539834,0.7241283737630578,0.21108994932154132,0.4809459459459459,0.2934034377418808,0.6629261605071524
9,Linear SVM,0.7616901990830263,0.5389520502870628,0.5571978228228228,0.5479230831343508,0.7458122667824669,0.7353417661763602,0.21753341383186908,0.4706756756756757,0.2975481960304126,0.6722366208999504
9,Random Forest,0.7028226738176024,0.43230182464352274,0.4680227102102102,0.44945364424918327,0.7067725967514821,0.6003215066107338,0.1462566784643477,0.4870720720720721,0.2249622913018603,0.5919621962810728
9,KNN (k=5),0.5908,0.6002207505518764,0.5438,0.5706190975865687,0.62739106,0.5436,0.5423630003886514,0.5582,0.5501675537157501,0.5633666199999999
10,Logistic Regression,0.7670841472289249,0.1888677026160097,0.4093191209979531,0.2584716311624334,0.6094098030664548,0.5916428776914736,0.04403859669116949,0.08985389295818316,0.059107711918419376,0.27237845793711335
10,Linear SVM,0.77981538932935,0.19482865201097246,0.3895068165141158,0.2597380857337849,0.6135922983636978,0.6088511584677687,0.04387577841665227,0.08369181878076193,0.05757016321987697,0.2696338052641115
10,Random Forest,0.5643398827990348,0.11124877759536969,0.485478700807168,0.1810170101701017,0.5805328208630888,0.5127713602867955,0.12939033753742316,0.4212494671162268,0.19797192384924664,0.44975590264526133
10,KNN (k=5),0.5399,0.5428203477141017,0.5058,0.5236566932394657,0.5722597800000001,0.4663,0.4632817607321857,0.4252,0.44342475753467514,0.45417686
