paradigm,strategy,model,accuracy,precision,recall,specificity,f1,auroc,brier_score,ece
emd,downsample_2x,AdaptiveNN,0.460 +/- 0.112,0.491 +/- 0.124,0.846 +/- 0.261,0.141 +/- 0.200,0.583 +/- 0.131,0.578 +/- 0.105,0.249 +/- 0.010,0.131 +/- 0.068
emd,downsample_2x,LogisticRegression,0.495 +/- 0.123,0.497 +/- 0.122,0.871 +/- 0.220,0.128 +/- 0.171,0.613 +/- 0.133,0.584 +/- 0.125,0.250 +/- 0.003,0.138 +/- 0.057
emd,downsample_2x,RandomForest,0.501 +/- 0.107,0.515 +/- 0.125,0.825 +/- 0.206,0.206 +/- 0.199,0.607 +/- 0.104,0.580 +/- 0.108,0.248 +/- 0.007,0.140 +/- 0.059
emd,downsample_2x,XGBoost,0.504 +/- 0.102,0.515 +/- 0.125,0.834 +/- 0.196,0.199 +/- 0.188,0.612 +/- 0.101,0.581 +/- 0.108,0.248 +/- 0.007,0.139 +/- 0.060
emd,weighted_sampler,AdaptiveNN,0.459 +/- 0.182,0.273 +/- 0.152,0.724 +/- 0.292,0.326 +/- 0.310,0.370 +/- 0.173,0.575 +/- 0.144,0.233 +/- 0.011,0.227 +/- 0.115
emd,weighted_sampler,LogisticRegression,0.379 +/- 0.242,0.263 +/- 0.158,0.759 +/- 0.374,0.241 +/- 0.374,0.340 +/- 0.178,0.540 +/- 0.165,0.249 +/- 0.002,0.257 +/- 0.120
emd,weighted_sampler,RandomForest,0.512 +/- 0.181,0.293 +/- 0.164,0.628 +/- 0.307,0.443 +/- 0.320,0.360 +/- 0.178,0.566 +/- 0.159,0.247 +/- 0.005,0.258 +/- 0.114
emd,weighted_sampler,XGBoost,0.519 +/- 0.188,0.289 +/- 0.164,0.636 +/- 0.310,0.439 +/- 0.324,0.365 +/- 0.187,0.569 +/- 0.165,0.248 +/- 0.005,0.259 +/- 0.114
fusion,downsample_2x,AdaptiveNN,0.597 +/- 0.106,0.610 +/- 0.141,0.718 +/- 0.267,0.492 +/- 0.280,0.602 +/- 0.179,0.695 +/- 0.075,0.231 +/- 0.015,0.149 +/- 0.058
fusion,downsample_2x,LogisticRegression,0.561 +/- 0.135,0.553 +/- 0.137,0.718 +/- 0.272,0.439 +/- 0.256,0.586 +/- 0.177,0.663 +/- 0.138,0.240 +/- 0.018,0.182 +/- 0.053
fusion,downsample_2x,RandomForest,0.585 +/- 0.107,0.593 +/- 0.131,0.727 +/- 0.273,0.455 +/- 0.291,0.595 +/- 0.196,0.684 +/- 0.092,0.233 +/- 0.018,0.161 +/- 0.063
fusion,downsample_2x,XGBoost,0.584 +/- 0.108,0.599 +/- 0.135,0.727 +/- 0.283,0.461 +/- 0.297,0.594 +/- 0.192,0.684 +/- 0.093,0.232 +/- 0.017,0.159 +/- 0.062
fusion,weighted_sampler,AdaptiveNN,0.628 +/- 0.197,0.431 +/- 0.266,0.564 +/- 0.273,0.640 +/- 0.303,0.404 +/- 0.170,0.675 +/- 0.120,0.226 +/- 0.013,0.253 +/- 0.094
fusion,weighted_sampler,LogisticRegression,0.629 +/- 0.217,0.413 +/- 0.262,0.570 +/- 0.290,0.637 +/- 0.310,0.413 +/- 0.195,0.644 +/- 0.162,0.239 +/- 0.009,0.268 +/- 0.114
fusion,weighted_sampler,RandomForest,0.627 +/- 0.195,0.413 +/- 0.267,0.601 +/- 0.277,0.609 +/- 0.298,0.418 +/- 0.203,0.669 +/- 0.114,0.232 +/- 0.011,0.266 +/- 0.103
fusion,weighted_sampler,XGBoost,0.629 +/- 0.195,0.408 +/- 0.249,0.616 +/- 0.275,0.602 +/- 0.303,0.426 +/- 0.201,0.673 +/- 0.113,0.232 +/- 0.011,0.264 +/- 0.104
spectral_slope,downsample_2x,AdaptiveNN,0.598 +/- 0.117,0.584 +/- 0.134,0.813 +/- 0.165,0.398 +/- 0.219,0.656 +/- 0.111,0.668 +/- 0.146,0.239 +/- 0.037,0.174 +/- 0.081
spectral_slope,downsample_2x,LogisticRegression,0.589 +/- 0.126,0.582 +/- 0.136,0.803 +/- 0.183,0.393 +/- 0.246,0.648 +/- 0.118,0.672 +/- 0.150,0.239 +/- 0.019,0.175 +/- 0.069
spectral_slope,downsample_2x,RandomForest,0.584 +/- 0.133,0.570 +/- 0.141,0.865 +/- 0.181,0.307 +/- 0.247,0.663 +/- 0.117,0.677 +/- 0.124,0.235 +/- 0.019,0.177 +/- 0.061
spectral_slope,downsample_2x,XGBoost,0.586 +/- 0.134,0.571 +/- 0.144,0.874 +/- 0.169,0.301 +/- 0.251,0.668 +/- 0.117,0.681 +/- 0.117,0.233 +/- 0.018,0.178 +/- 0.058
spectral_slope,weighted_sampler,AdaptiveNN,0.595 +/- 0.235,0.411 +/- 0.273,0.577 +/- 0.293,0.620 +/- 0.337,0.398 +/- 0.193,0.645 +/- 0.202,0.224 +/- 0.034,0.248 +/- 0.097
spectral_slope,weighted_sampler,LogisticRegression,0.629 +/- 0.215,0.409 +/- 0.255,0.624 +/- 0.313,0.599 +/- 0.339,0.433 +/- 0.214,0.651 +/- 0.207,0.237 +/- 0.011,0.268 +/- 0.113
spectral_slope,weighted_sampler,RandomForest,0.592 +/- 0.214,0.398 +/- 0.283,0.607 +/- 0.286,0.577 +/- 0.309,0.402 +/- 0.209,0.644 +/- 0.172,0.236 +/- 0.017,0.269 +/- 0.111
spectral_slope,weighted_sampler,XGBoost,0.603 +/- 0.211,0.399 +/- 0.276,0.601 +/- 0.277,0.588 +/- 0.309,0.407 +/- 0.207,0.647 +/- 0.165,0.236 +/- 0.017,0.268 +/- 0.111
wavelet,downsample_2x,AdaptiveNN,0.577 +/- 0.098,0.582 +/- 0.137,0.735 +/- 0.248,0.446 +/- 0.266,0.604 +/- 0.144,0.678 +/- 0.059,0.234 +/- 0.011,0.143 +/- 0.054
wavelet,downsample_2x,LogisticRegression,0.560 +/- 0.113,0.553 +/- 0.147,0.782 +/- 0.244,0.351 +/- 0.268,0.607 +/- 0.172,0.646 +/- 0.079,0.242 +/- 0.008,0.152 +/- 0.054
wavelet,downsample_2x,RandomForest,0.528 +/- 0.125,0.550 +/- 0.148,0.791 +/- 0.262,0.299 +/- 0.303,0.597 +/- 0.147,0.639 +/- 0.050,0.240 +/- 0.009,0.143 +/- 0.055
wavelet,downsample_2x,XGBoost,0.562 +/- 0.097,0.568 +/- 0.136,0.763 +/- 0.261,0.373 +/- 0.280,0.601 +/- 0.154,0.655 +/- 0.052,0.238 +/- 0.010,0.147 +/- 0.052
wavelet,weighted_sampler,AdaptiveNN,0.587 +/- 0.193,0.380 +/- 0.177,0.607 +/- 0.233,0.589 +/- 0.283,0.406 +/- 0.128,0.683 +/- 0.058,0.225 +/- 0.015,0.235 +/- 0.107
wavelet,weighted_sampler,LogisticRegression,0.508 +/- 0.175,0.286 +/- 0.191,0.658 +/- 0.282,0.443 +/- 0.286,0.365 +/- 0.187,0.596 +/- 0.091,0.241 +/- 0.005,0.259 +/- 0.098
wavelet,weighted_sampler,RandomForest,0.543 +/- 0.171,0.308 +/- 0.160,0.624 +/- 0.309,0.480 +/- 0.322,0.363 +/- 0.187,0.628 +/- 0.087,0.235 +/- 0.009,0.246 +/- 0.105
wavelet,weighted_sampler,XGBoost,0.575 +/- 0.185,0.348 +/- 0.194,0.578 +/- 0.292,0.564 +/- 0.292,0.370 +/- 0.172,0.635 +/- 0.088,0.234 +/- 0.010,0.245 +/- 0.106
