n_features,val_accuracy,val_precision,val_recall,val_f1,val_auroc,test_accuracy,test_precision,test_recall,test_f1,test_auroc,trial,ablation,bands,types
12,0.5991580856661323,0.14994781944056562,0.6903099201515767,0.24637789665624132,0.7090474999241111,0.6669743381152777,0.3148502347935901,0.7629084967320261,0.44574339747094716,0.7898729110097603,1,Full (baseline),"delta,theta,alpha,beta","slope,intercept,midband"
12,0.6498673645478272,0.2583019604121189,0.46778197929796417,0.33282378438606147,0.6190446845799148,0.7511333206823118,0.5840105202818896,0.4287977817389582,0.49451098516752556,0.780662800397656,2,Full (baseline),"delta,theta,alpha,beta","slope,intercept,midband"
12,0.7111965269212451,0.16820861627269573,0.4261904761904762,0.2412147366225766,0.6200685713756581,0.7423794218315936,0.5139316377774178,0.45549991923760297,0.4829548157521669,0.6586679609913084,3,Full (baseline),"delta,theta,alpha,beta","slope,intercept,midband"
12,0.6654386951631046,0.4548935203711916,0.3432659190702382,0.39127380980068377,0.6890120530988547,0.824385938174706,0.23666233126665234,0.4542854372697305,0.3112022515753555,0.7332229290663093,4,Full (baseline),"delta,theta,alpha,beta","slope,intercept,midband"
12,0.6720880326572761,0.3425591882750846,0.24407092796754826,0.28504755092228856,0.5916209153485658,0.6449488950478788,0.3298686312799574,0.34751912323028294,0.33846392043643386,0.5953585185079241,5,Full (baseline),"delta,theta,alpha,beta","slope,intercept,midband"
12,0.773792447455696,0.4407664447726767,0.2621798575004814,0.3287877987487831,0.7414356341580719,0.48497756891829974,0.2730793926966176,0.07691320428903123,0.12002203074290033,0.4042425111844833,6,Full (baseline),"delta,theta,alpha,beta","slope,intercept,midband"
12,0.4026848119522207,0.2574815264264199,0.09661340813920397,0.14050564056476597,0.3929704246900493,0.7367368592882795,0.3318406889128095,0.31529209621993126,0.3233548008139462,0.608390961054673,7,Full (baseline),"delta,theta,alpha,beta","slope,intercept,midband"
12,0.6969537049602187,0.5387360594795539,0.23232177495631542,0.32464521332004165,0.6878634467066834,0.5257124669241476,0.7274806678587187,0.2623084652097463,0.38558584062082674,0.6476117076117929,8,Full (baseline),"delta,theta,alpha,beta","slope,intercept,midband"
12,0.7597484200242418,0.5349063160962922,0.5597081456456456,0.5470262503200559,0.7405653279539834,0.7241283737630578,0.21108994932154132,0.4809459459459459,0.2934034377418808,0.6629261605071524,9,Full (baseline),"delta,theta,alpha,beta","slope,intercept,midband"
12,0.7670841472289249,0.1888677026160097,0.4093191209979531,0.2584716311624334,0.6094098030664548,0.5916428776914736,0.04403859669116949,0.08985389295818316,0.059107711918419376,0.27237845793711335,10,Full (baseline),"delta,theta,alpha,beta","slope,intercept,midband"
9,0.6992988757347803,0.1741845206376583,0.5795236161862227,0.26785976786445936,0.6866594426526051,0.7110313251252849,0.34175014367502526,0.6978312537136067,0.45880761586655144,0.765723363693251,1,Drop Delta,"theta,alpha,beta","slope,intercept,midband"
9,0.6602927963261406,0.2502851224280793,0.4107272449486269,0.3110347819798973,0.5929258543040951,0.7545982949234262,0.5995600159994182,0.40821202218261043,0.4857201773378699,0.7742844562991582,2,Drop Delta,"theta,alpha,beta","slope,intercept,midband"
9,0.7134679497356112,0.1552704372903302,0.37389455782312925,0.219420301908762,0.5848304430279828,0.7498459292127694,0.5322049065828531,0.4376155350957483,0.4802974343822327,0.6471404038520274,3,Drop Delta,"theta,alpha,beta","slope,intercept,midband"
9,0.6881199509152265,0.5032510867568726,0.33542268579730017,0.4025446763079666,0.7107020736274658,0.844727662204611,0.24066443679609612,0.3610141555167733,0.288802924095673,0.671671759742877,4,Drop Delta,"theta,alpha,beta","slope,intercept,midband"
9,0.6989259456465032,0.39506382400869094,0.2336887764323152,0.29366711670220685,0.6158302960508153,0.6553043078712869,0.3496379527795172,0.3707101311040042,0.3598658321267605,0.5966647137230119,5,Drop Delta,"theta,alpha,beta","slope,intercept,midband"
9,0.7736067875236525,0.4334351419331656,0.2322838436356634,0.3024699097291876,0.7269908107106824,0.5034019585904116,0.3399850602923914,0.09293289929644019,0.14596667414978765,0.4863587060873463,6,Drop Delta,"theta,alpha,beta","slope,intercept,midband"
9,0.4575007498900846,0.35909622126996493,0.09369028743342685,0.14860790920375952,0.49301439002339725,0.7302726085537056,0.3006565227465822,0.26540937107947415,0.2819355820000435,0.5594907742450521,7,Drop Delta,"theta,alpha,beta","slope,intercept,midband"
9,0.6885099239557103,0.5068911404496299,0.23819714968178393,0.3240958862278061,0.6730803329241781,0.5191614291618567,0.6960579572855666,0.2707066901113623,0.3898105836819831,0.6708255736656936,8,Drop Delta,"theta,alpha,beta","slope,intercept,midband"
9,0.757814748602446,0.5318977385959974,0.546851539039039,0.5392709927932166,0.7265388256700434,0.6930076782502029,0.18598382749326145,0.46725225225225225,0.26606418406214066,0.6205513217493621,9,Drop Delta,"theta,alpha,beta","slope,intercept,midband"
9,0.7701539698954384,0.1746407148510886,0.35362839377437916,0.2338123296328688,0.5468112731353216,0.6504210095377193,0.03995570048606411,0.0629190404216564,0.048874472232466076,0.29707284390982197,10,Drop Delta,"theta,alpha,beta","slope,intercept,midband"
9,0.5960121469971636,0.1506014998286408,0.7017593720395182,0.24798419879673647,0.7148666118299657,0.6604715195319222,0.31249329247206686,0.7785502079619727,0.44597986742794904,0.7965544508093092,1,Drop Theta,"delta,alpha,beta","slope,intercept,midband"
9,0.6525058117147055,0.2613178089441651,0.4714869561896031,0.33626402064874655,0.6228960887867565,0.7467265481687646,0.5730088495575221,0.42320261437908496,0.4868421052631579,0.7748688939045025,2,Drop Theta,"delta,alpha,beta","slope,intercept,midband"
9,0.7119200849951762,0.1686483454851374,0.4261621315192744,0.24166197862251868,0.6195653429995773,0.741905357870884,0.5128390887869275,0.45736642796891547,0.48351690051322915,0.6609866670440754,3,Drop Theta,"delta,alpha,beta","slope,intercept,midband"
9,0.662992125984252,0.4500322441960447,0.3417315508545125,0.3884749914179416,0.6861144137347668,0.8203916787319973,0.23064280948026591,0.45241904207872796,0.305527819155031,0.730437216929857,4,Drop Theta,"delta,alpha,beta","slope,intercept,midband"
9,0.6701894788927075,0.3381956533947324,0.2418720003213045,0.28203627167460865,0.5893797988077588,0.6456869962215086,0.32834136741952374,0.34013166507696047,0.3341325396387955,0.5942512867918043,5,Drop Theta,"delta,alpha,beta","slope,intercept,midband"
9,0.7728310850678549,0.437783234513186,0.26392499518582707,0.32931618348238084,0.7411325936824787,0.48662393572243,0.27914116792863813,0.07850000583382921,0.12253948884204008,0.40795643381149305,6,Drop Theta,"delta,alpha,beta","slope,intercept,midband"
9,0.4023766379448492,0.26087650929534273,0.09960970850103672,0.14417102104222568,0.39539169142150954,0.73866035477201,0.336592941988553,0.3191785305187367,0.32765451109400157,0.6138594362123745,7,Drop Theta,"delta,alpha,beta","slope,intercept,midband"
9,0.6954207566230908,0.5336256757267607,0.22629410538803124,0.31781340057636887,0.6850658141836701,0.5264891853245353,0.7286330968555789,0.2635811772586452,0.38712196441692515,0.646887261107736,8,Drop Theta,"delta,alpha,beta","slope,intercept,midband"
9,0.7589356294161286,0.5331922477166406,0.5615381006006006,0.5469981945745823,0.7422186828559523,0.7259755168603217,0.20900725416442772,0.4672222222222222,0.2888156673473176,0.6564770102778433,9,Drop Theta,"delta,alpha,beta","slope,intercept,midband"
9,0.7694588073078249,0.19132258180640052,0.4105163557718302,0.2610035481455108,0.613661510482056,0.5903870410940716,0.045371435034212364,0.09328372669844592,0.06104953458290004,0.2777204953740764,10,Drop Theta,"delta,alpha,beta","slope,intercept,midband"
9,0.5900671065071731,0.14782284007352942,0.6965218568141832,0.2438857955218576,0.7084697712466067,0.6646198693178559,0.31404201624595823,0.7689691027926322,0.4459577620702874,0.7930347995894386,1,Drop Alpha,"delta,theta,beta","slope,intercept,midband"
9,0.6480151033272958,0.25624010810753967,0.4653374584622436,0.33049287058544274,0.6178392901653408,0.7503953444240622,0.5832678979891435,0.4229674192909487,0.49034915259101935,0.7814434953603631,2,Drop Alpha,"delta,theta,beta","slope,intercept,midband"
9,0.7148631650933603,0.17085022994494914,0.42752267573696145,0.2441365468347874,0.6273339883715585,0.7425548254970561,0.5144923076923077,0.45014268023474935,0.4801711512506102,0.6622386096190125,3,Drop Alpha,"delta,theta,beta","slope,intercept,midband"
9,0.6641144288782084,0.4513193612555088,0.33516151673930433,0.3846625795604097,0.6874600919569069,0.8203197100933899,0.2314217472668177,0.4556185766918751,0.306939908556499,0.733460526005286,4,Drop Alpha,"delta,theta,beta","slope,intercept,midband"
9,0.6723865304871162,0.3408996579410628,0.23916099363415466,0.28110819343227217,0.5913756434637933,0.6449855557021982,0.3256213992518635,0.33455834221698555,0.3300293804281148,0.5948355284907902,5,Drop Alpha,"delta,theta,beta","slope,intercept,midband"
9,0.7731769720645384,0.4378427974309308,0.2584488734835355,0.32503613783082197,0.7396288628136527,0.4830221753354006,0.2639621422168484,0.07386794544202924,0.11543282752081975,0.39316066357529245,6,Drop Alpha,"delta,theta,beta","slope,intercept,midband"
9,0.40101245433888455,0.25164552547840113,0.09388136764646095,0.13674667045663155,0.3820643318067687,0.7359750788986832,0.3291250522432156,0.3114192985327006,0.3200274665601637,0.6108512144744355,7,Drop Alpha,"delta,theta,beta","slope,intercept,midband"
9,0.6958404326432552,0.5351514579597999,0.22728001410731175,0.319056165362349,0.6867506308707537,0.5238502429917198,0.7272512072720386,0.2572385497781127,0.38004874005715206,0.6365259470016112,8,Drop Alpha,"delta,theta,beta","slope,intercept,midband"
9,0.758341745006709,0.5324433638744438,0.5548908283283284,0.5434353878262201,0.7427008230100056,0.7297753029994171,0.21557265060808584,0.4809309309309309,0.297702864100455,0.6703424924004473,9,Drop Alpha,"delta,theta,beta","slope,intercept,midband"
9,0.7672833122678003,0.1836369905273473,0.39081991271772293,0.24986728231212732,0.605028930348148,0.5939304919338777,0.04470973111028209,0.09057086385304035,0.059866664104978,0.27082998229101984,10,Drop Alpha,"delta,theta,beta","slope,intercept,midband"
9,0.5700417745714638,0.1394577288976254,0.6826634185952091,0.2316025813205507,0.6868389403547539,0.6609669227118892,0.3076134843594684,0.7446969696969697,0.4353825978966017,0.7727843046570395,1,Drop Beta,"delta,theta,alpha","slope,intercept,midband"
9,0.6604568079067844,0.26029411764705884,0.4445112868110462,0.3283279965016716,0.6178024188227965,0.7389426557305614,0.5577603527675539,0.38830709051297285,0.4578580550994344,0.7668216034603469,2,Drop Beta,"delta,theta,alpha","slope,intercept,midband"
9,0.7303815013372086,0.18031225510880705,0.42392290249433107,0.25300909283146544,0.6415083246096281,0.7400825819419556,0.5095143061440113,0.42841759543423247,0.4654600051672281,0.6754992031163342,3,Drop Beta,"delta,theta,alpha","slope,intercept,midband"
9,0.6554121075774619,0.428511466846996,0.29996082464130064,0.3528937324467702,0.6690588211399591,0.8041860346973507,0.21087191984836176,0.45302501454333916,0.28778640059127863,0.719312301049469,4,Drop Beta,"delta,theta,alpha","slope,intercept,midband"
9,0.6701464521784963,0.3327823691460055,0.23045564993875134,0.27232386511947987,0.5373427081822091,0.6428128009228709,0.3171234537957798,0.31789448091417455,0.317508499271491,0.5949063504839602,5,Drop Beta,"delta,theta,alpha","slope,intercept,midband"
9,0.7728336283545952,0.43194128953346145,0.23801270941652225,0.3069091812030542,0.7264656071706976,0.4845380049657407,0.25226681030613163,0.06557224030709277,0.10408853081446497,0.36915582890032994,6,Drop Beta,"delta,theta,alpha","slope,intercept,midband"
9,0.3873541823321787,0.22573937153419593,0.08738464040330121,0.12599579115204024,0.32951232147369774,0.7407878985743824,0.33797034674227655,0.3120874924998636,0.3245136407464126,0.6433767157964284,7,Drop Beta,"delta,theta,alpha","slope,intercept,midband"
9,0.6940411031196755,0.5310584009413514,0.20619920165440292,0.29705714236225383,0.6683070053389659,0.5214654562211106,0.7327648450143159,0.24643305702084903,0.3688273442150443,0.6015241662812547,8,Drop Beta,"delta,theta,alpha","slope,intercept,midband"
9,0.7401583421503886,0.49879163993853776,0.5229526401401401,0.510586474661943,0.7190978200063178,0.7545570611649339,0.22207450992731506,0.42388888888888887,0.29145588569304787,0.6549421239415698,9,Drop Beta,"delta,theta,alpha","slope,intercept,midband"
9,0.7784767704622927,0.19305679667156708,0.38798130768933686,0.2578227757139466,0.6436154472373233,0.6141317577286508,0.04277301481604794,0.07966127969615937,0.05566010912684981,0.22767205475866398,10,Drop Beta,"delta,theta,alpha","slope,intercept,midband"
4,0.5358436613639166,0.12747763743484336,0.6655975098118825,0.21397416960523483,0.6578875803781896,0.6465298310935895,0.2936259775134115,0.7211675579322638,0.41733322444909593,0.7481275591384842,1,Slope only,"delta,theta,alpha,beta",slope
4,0.6225451744940599,0.24201232508125103,0.4792502196249188,0.3216150923083824,0.605174880511991,0.7043913101538505,0.4762183208066517,0.41333679936621115,0.44255505265041317,0.727502010564699,2,Slope only,"delta,theta,alpha,beta",slope
4,0.6836891081612466,0.16409222752077085,0.47304421768707483,0.24366171478629048,0.6292176798593854,0.7378473703672099,0.5040871139137035,0.46484143649383514,0.48366946778711484,0.7053120120674553,3,Slope only,"delta,theta,alpha,beta",slope
4,0.6351723080069537,0.3937827652272775,0.3052984672640909,0.343940787054064,0.6385380263647228,0.7584245641663915,0.17484271116862254,0.47488850106651154,0.2555850526054882,0.6956835838447214,4,Slope only,"delta,theta,alpha,beta",slope
4,0.6422221146554367,0.2842158228827992,0.2211880233749021,0.2487718941626859,0.5105308479306853,0.6345152728285894,0.2995096332131731,0.2975742953861116,0.2985388277786899,0.577648125015484,5,Slope only,"delta,theta,alpha,beta",slope
4,0.7686600948137297,0.41966162574746424,0.24748459464663972,0.3113553945505614,0.706196136542458,0.4907318606608911,0.28148164538756004,0.07421214136534938,0.1174569612247065,0.4084468664120796,6,Slope only,"delta,theta,alpha,beta",slope
4,0.3806277709979496,0.2319313769053921,0.0976135301052974,0.13739942545179862,0.3442296978914941,0.7312738056371749,0.32942217692730613,0.33499699994545357,0.3321862006017376,0.6370861875882774,7,Slope only,"delta,theta,alpha,beta",slope
4,0.6873112086166775,0.503237923815859,0.20617515510027412,0.29250985097031346,0.6337362315954084,0.5235343300031828,0.7408577650776067,0.24639119149292474,0.3697969519225634,0.6222499634267923,8,Slope only,"delta,theta,alpha,beta",slope
4,0.6913827980266012,0.4268260483425746,0.5562437437437437,0.48301620285485336,0.7138367810005757,0.7036792658634365,0.19038366622725086,0.45755255255255256,0.2688861339180538,0.6323311321783742,9,Slope only,"delta,theta,alpha,beta",slope
4,0.7691964456700755,0.1827547054859643,0.3823040976325648,0.24729416614100938,0.6318803757643815,0.5655690544158977,0.041865800038233605,0.0933612370654575,0.05780860049913611,0.2496512963265733,10,Slope only,"delta,theta,alpha,beta",slope
4,0.5495668393143421,0.13191075076608785,0.6711327649208283,0.2204852542983287,0.6720271174740394,0.6502062441659757,0.29997545894760785,0.7444444444444445,0.4276346384398452,0.7712274084853241,1,Intercept only,"delta,theta,alpha,beta",intercept
4,0.6248056819316286,0.24185042676614776,0.4729574882548413,0.3200439390023262,0.6024110008210848,0.7192843738798574,0.5068603467400058,0.412928302634185,0.4550979897269385,0.7469013676375004,2,Intercept only,"delta,theta,alpha,beta",intercept
4,0.6860399086546094,0.16509186091474237,0.4719671201814059,0.24461763344816695,0.6304282845215494,0.7348607674147396,0.49801079852230745,0.4717870026382383,0.4845443485954435,0.6943955957239135,3,Intercept only,"delta,theta,alpha,beta",intercept
4,0.6422026792105532,0.4056205328135153,0.30569022085108466,0.3486358939990506,0.6531948311480915,0.7839183960307179,0.1914245999939124,0.4573152995927865,0.26988134490083465,0.7085261700034697,4,Intercept only,"delta,theta,alpha,beta",intercept
4,0.652881983101258,0.30243091849588594,0.2265999959836938,0.259080681452909,0.5477940011128951,0.6330341823940874,0.29868145180077343,0.29973442555499447,0.29920701227054,0.5742814318816236,5,Intercept only,"delta,theta,alpha,beta",intercept
4,0.7689296832082037,0.4210430009149131,0.2492417677642981,0.3131251275770565,0.7168273605683353,0.48549438956555097,0.2661872052712043,0.07211779667938441,0.11348832939340386,0.3917409624887198,6,Intercept only,"delta,theta,alpha,beta",intercept
4,0.3805620272097104,0.22779585914830208,0.09447087043135342,0.13355442010701826,0.3382744955845324,0.7335781913157036,0.32975689445121276,0.3248104510991109,0.32726498310021707,0.631691852479918,7,Intercept only,"delta,theta,alpha,beta",intercept
4,0.6877183194865377,0.5048639475917046,0.2050850446464355,0.2916830543157943,0.6518402456183461,0.5245248241100993,0.7378738685556867,0.2511847944402579,0.374786052496783,0.6278648441330963,8,Intercept only,"delta,theta,alpha,beta",intercept
4,0.7220276389344944,0.46974770717059955,0.5627737112112112,0.5120700758182213,0.7326608562026897,0.7085394158521713,0.18866230435821743,0.4385435435435435,0.2638260971677107,0.6247539028792151,9,Intercept only,"delta,theta,alpha,beta",intercept
4,0.7655712589528515,0.17659987545331332,0.3723786351523578,0.23957958032575072,0.6128955949219915,0.5771592644227578,0.04256491805056109,0.09128783474789753,0.05805871188780163,0.2562308817418716,10,Intercept only,"delta,theta,alpha,beta",intercept
4,0.5870380647017717,0.14781107039624916,0.7031398024089863,0.24427226095828258,0.7104485497123305,0.6564691833148208,0.3098906545971687,0.7800802139037433,0.4435706955313515,0.7956806321615089,1,Midband only,"delta,theta,alpha,beta",midband
4,0.6248502502959339,0.24772932287763877,0.49562659944234366,0.33034307844566146,0.6145008722019982,0.743482966805125,0.5588266392761657,0.45796197266785504,0.5033914563872995,0.781719174953479,2,Midband only,"delta,theta,alpha,beta",midband
4,0.6872336268272131,0.1627942003373765,0.45955215419501133,0.24042054688890208,0.6207749886089079,0.7417015103677789,0.5118690077394017,0.4771711624401012,0.49391144425558003,0.6729409954385815,3,Midband only,"delta,theta,alpha,beta",midband
4,0.6595178443603641,0.4448138366733986,0.35052968349574787,0.39208329339376763,0.6840727113301074,0.8125449803991296,0.22361025089689504,0.46381132441341866,0.3017448690756846,0.7318912617244443,4,Midband only,"delta,theta,alpha,beta",midband
4,0.6667365850772599,0.334313805594139,0.24650079322047513,0.28376910095475877,0.5873432954829826,0.6419842701352534,0.3272015450358731,0.3501281116160766,0.33827681382668756,0.5951869681844237,5,Midband only,"delta,theta,alpha,beta",midband
4,0.7722690186982442,0.4365588015570322,0.2672588099364529,0.33154665034265496,0.7398458771391648,0.4847298146904937,0.2774586350580525,0.08002263525733021,0.12421893394671545,0.41099342939715955,6,Midband only,"delta,theta,alpha,beta",midband
4,0.40296422305223756,0.26046586517818804,0.09865024189941862,0.14310146551469938,0.39402705102396296,0.7333061268908477,0.3274691185512269,0.31957399225440464,0.3234733878091873,0.6096464667357915,7,Midband only,"delta,theta,alpha,beta",midband
4,0.693769695873102,0.5259560152461392,0.2355921063178313,0.3254189248288041,0.6804457711157325,0.5274796794314517,0.7262055837563451,0.2683245415724692,0.3918609912080118,0.6528482080435594,8,Midband only,"delta,theta,alpha,beta",midband
4,0.7444209322971773,0.505968076326966,0.5897381756756757,0.5446508856508315,0.7465135780839528,0.6925534920481652,0.19866348557926114,0.5213663663663664,0.28770045943583433,0.6706714325430452,9,Midband only,"delta,theta,alpha,beta",midband
4,0.7628806158795818,0.18528324638896898,0.4094542926659715,0.2551210092223285,0.6082084461773561,0.5811563654871761,0.04297737117320073,0.09093903809634539,0.05836955778188218,0.26773921838982195,10,Midband only,"delta,theta,alpha,beta",midband
