trial,paradigm,strategy,model,ma_window,threshold,accuracy,precision,recall,specificity,f1,auroc,brier_score,ece
1,spectral_slope,downsample_2x,AdaptiveNN,20,0.49,0.7457995890245377,0.6918709139686922,0.7891562685680332,0.7100276981150575,0.737318362871775,0.8547512503613568,0.20877584297593849,0.19599003208881224
1,spectral_slope,downsample_2x,LogisticRegression,20,0.52,0.7285950280027398,0.6745018679950187,0.7723707664884135,0.6924773880432384,0.7201263087917567,0.8478606765616948,0.21180888760399116,0.25232367548053036
1,spectral_slope,downsample_2x,RandomForest,20,0.54,0.7632660461743019,0.709066252884954,0.8077688651218063,0.7265485207245631,0.7552061995264251,0.8574983929095714,0.21707590671486843,0.24793134869168026
1,spectral_slope,downsample_2x,XGBoost,20,0.54,0.7665296748458842,0.7089168132051495,0.8204248366013072,0.722062896781626,0.760605664157985,0.8605218350932243,0.21529934104815604,0.24821044800342187
2,spectral_slope,downsample_2x,AdaptiveNN,10,0.4,0.7533041240094858,0.7866946830341235,0.7925084175084175,0.6982512863301349,0.7895908488268122,0.8312250708897265,0.22700415044002276,0.19935398120343398
2,spectral_slope,downsample_2x,LogisticRegression,19,0.48,0.7767005032101336,0.8219996644425229,0.7884110714993068,0.7602558753998053,0.8048550866573575,0.858328303189169,0.22515675040753488,0.15235344743611065
2,spectral_slope,downsample_2x,RandomForest,20,0.46,0.7447076175602985,0.7174125071715434,0.9287358882947119,0.486284939507718,0.8095099372046352,0.7798240526373041,0.22152009473684983,0.12356241781223204
2,spectral_slope,downsample_2x,XGBoost,18,0.46,0.7422132569842096,0.7204360950734152,0.9128787878787878,0.502555277430121,0.8053203164671002,0.7813270545838242,0.21947507928514176,0.13376608940741697
3,spectral_slope,downsample_2x,AdaptiveNN,16,0.33,0.4809114438898133,0.42473926013020663,0.8752400437911664,0.22216333981039862,0.5719303492214277,0.7090441062827713,0.20825826894344218,0.08573609388151805
3,spectral_slope,downsample_2x,LogisticRegression,18,0.47,0.4889038212665501,0.4225090038892965,0.7905920781062116,0.2909438850615321,0.5507080594701196,0.6711624799944552,0.2289536224054614,0.1809998385474527
3,spectral_slope,downsample_2x,RandomForest,18,0.49,0.6073389080876601,0.504284914517032,0.5254042606651232,0.6611022787493376,0.5146280043771947,0.6575158391167398,0.2212837786215351,0.14710475587867097
3,spectral_slope,downsample_2x,XGBoost,20,0.49,0.6112568795597082,0.5091691371304142,0.5224788671727777,0.669510687157746,0.5157381449051991,0.6586144497704922,0.22013785541055556,0.14377027202028275
4,spectral_slope,downsample_2x,AdaptiveNN,20,0.44,0.5830990239803503,0.4352453576750185,0.8425441147954237,0.45337647857281366,0.5739809608731908,0.7729183227798946,0.21714665505524883,0.20403922783302017
4,spectral_slope,downsample_2x,LogisticRegression,20,0.47,0.555830263072846,0.4218668124757934,0.8976633701764591,0.38491370952103937,0.5739836642333503,0.7770477771910056,0.2299737685417803,0.20648926567284945
4,spectral_slope,downsample_2x,RandomForest,20,0.44,0.5008402818175942,0.39762978332867804,0.9661624975761102,0.26817917393833623,0.5633922261484099,0.7750515306316884,0.22056971217123048,0.1878708218752101
4,spectral_slope,downsample_2x,XGBoost,20,0.43,0.48101286277551547,0.3886767954730437,0.9722949389179756,0.23537182470428544,0.5553509622040703,0.7694039283640293,0.21966916102943085,0.18837797600301842
5,spectral_slope,downsample_2x,AdaptiveNN,20,0.44,0.5757009604472861,0.5488969506814394,0.785249396846771,0.37168141592920356,0.6461375099548713,0.6533630945617958,0.23506320231765687,0.039477030102244286
5,spectral_slope,downsample_2x,LogisticRegression,2,0.44,0.5343214592155886,0.515086348000826,0.9563859432568405,0.12339305874212463,0.66956251329809,0.6697220258787642,0.24079472514074943,0.03542580057824363
5,spectral_slope,downsample_2x,RandomForest,19,0.32,0.5697362229787705,0.535151066259297,0.9729282387925714,0.1771823445864744,0.6904989447696412,0.6377669271594654,0.2334089291444204,0.05121570438966087
5,spectral_slope,downsample_2x,XGBoost,19,0.3,0.5673005065183094,0.5336843616377674,0.9733957994351867,0.1719199533850468,0.689394140086892,0.6380883308720937,0.23300117391618444,0.0643293561286178
6,spectral_slope,downsample_2x,AdaptiveNN,20,0.44,0.4158820077062441,0.6963709305542747,0.3523982871877443,0.5866603892027621,0.46797697534068283,0.4510045449686094,0.2983615705633429,0.30491063734819984
6,spectral_slope,downsample_2x,LogisticRegression,20,0.45,0.38650301530191294,0.6766573004474972,0.30345246012577737,0.6099183929692404,0.41900066858381063,0.42737397755185,0.2794369728063676,0.2802684352135537
6,spectral_slope,downsample_2x,RandomForest,19,0.45,0.48346049486675685,0.6988425594243046,0.5121518662419638,0.4062774639045825,0.5911068018691337,0.4584931692671592,0.27328789721642144,0.26991801932008974
6,spectral_slope,downsample_2x,XGBoost,19,0.45,0.5296554305204692,0.7172204920140576,0.5857631231988052,0.37871939736346516,0.6448604733309784,0.4776678403100547,0.2709367461310164,0.26667062205874936
7,spectral_slope,downsample_2x,AdaptiveNN,1,0.36,0.435210353815005,0.41619331098407464,0.9362079310532919,0.08684644706150083,0.5762246683648846,0.6251759016476317,0.23352448642253876,0.07983643054065892
7,spectral_slope,downsample_2x,LogisticRegression,2,0.4,0.4339183641509223,0.4143313667649951,0.9193803523700431,0.09635698166164117,0.5712300679511294,0.6544310710121546,0.2270764005538706,0.0843848042277036
7,spectral_slope,downsample_2x,RandomForest,19,0.22,0.410338154524201,0.41022600134258225,1.0,0.0003223910033945876,0.5817876013518875,0.730751666741192,0.22206727414732086,0.13538877147990067
7,spectral_slope,downsample_2x,XGBoost,20,0.22,0.41032696846650335,0.4102214117094237,1.0,0.0003034268267243178,0.581782985711679,0.7278085668551151,0.22149584762376778,0.13238207907548802
8,spectral_slope,downsample_2x,AdaptiveNN,20,0.45,0.7027538866745915,0.7079263585915989,0.9752407267855647,0.07910773830056342,0.8203566032885261,0.5609044336030522,0.23664980456350976,0.17164281663354994
8,spectral_slope,downsample_2x,LogisticRegression,14,0.43,0.7130387152413584,0.70948321662876,0.9951477853135728,0.06736997432064697,0.8283794568334919,0.5716444074549645,0.24475685667586755,0.1952742902611232
8,spectral_slope,downsample_2x,RandomForest,19,0.3,0.6965946437312076,0.6966245563235569,0.999154316335929,0.004120194703154344,0.8209035311599238,0.5537855953704411,0.2494976947944121,0.19910622696252264
8,spectral_slope,downsample_2x,XGBoost,19,0.3,0.6966878773046173,0.6966896310135451,0.999154316335929,0.004426813843854203,0.8209487117746208,0.5645324534829954,0.2480257897404773,0.19789125497840457
9,spectral_slope,downsample_2x,AdaptiveNN,20,0.41,0.620965965965966,0.46391964405667907,0.8814264264264264,0.49073573573573576,0.6078897363011748,0.7988916131221311,0.20518947736048693,0.1688477869464963
9,spectral_slope,downsample_2x,LogisticRegression,20,0.5,0.6817517517517517,0.5139173639201344,0.8355555555555556,0.6048498498498498,0.6364062625084342,0.8111313889339792,0.23747515259454868,0.1967634391996611
9,spectral_slope,downsample_2x,RandomForest,20,0.36,0.36955455455455455,0.34584962788692747,0.9998948948948949,0.054384384384384386,0.5139359982095243,0.7872388700637574,0.2265175698224066,0.18824191017067582
9,spectral_slope,downsample_2x,XGBoost,19,0.34,0.3595095095095095,0.34228191369065974,0.9998948948948949,0.03931681681681682,0.5099863683009389,0.7833475646817989,0.22528999335533073,0.19106509225053908
10,spectral_slope,downsample_2x,AdaptiveNN,20,0.3,0.6649305555555556,0.6729713239780354,0.8976863155447041,0.2816389048439594,0.7692537610839892,0.4184067185079884,0.31751035897559265,0.28531143308297746
10,spectral_slope,downsample_2x,LogisticRegression,20,0.45,0.5949194637345679,0.6451966650002419,0.7752586908499012,0.2979449869168422,0.7042732033622321,0.42999797366956166,0.26460074530588323,0.1674431047362505
10,spectral_slope,downsample_2x,RandomForest,20,0.34,0.6917799961419753,0.6835294946789767,0.9396775568732318,0.28355351330652884,0.7913929710895872,0.5351793110628374,0.2603573464669748,0.21561469199959055
10,spectral_slope,downsample_2x,XGBoost,18,0.33,0.6985556520061729,0.6855962829117191,0.9521373483703446,0.28096879188206014,0.7971770431961063,0.5505032998954185,0.2594272045020226,0.21688538222352716
1,spectral_slope,weighted_sampler,AdaptiveNN,20,0.56,0.8995843828058593,0.822525750111957,0.5456625074272133,0.9749340619722586,0.656081443114842,0.8623354951619666,0.25233881641175315,0.3577477063781244
1,spectral_slope,weighted_sampler,LogisticRegression,20,0.61,0.9150070660137775,0.868773763249007,0.6075609031491385,0.9804621038183968,0.7150586980655426,0.8622689620993593,0.23706012752451786,0.39225389913403635
1,spectral_slope,weighted_sampler,RandomForest,20,0.6,0.9081809316708646,0.8414481100972071,0.5876262626262626,0.9764267597705293,0.6919961865778035,0.8876036568916321,0.25893196468327107,0.41423484558373574
1,spectral_slope,weighted_sampler,XGBoost,20,0.6,0.9088562444267142,0.8246920020867611,0.610531788472965,0.9723692782553146,0.7016336912545451,0.8859321277803403,0.2590734979021988,0.4133465140457688
2,spectral_slope,weighted_sampler,AdaptiveNN,20,0.46,0.7931663398486094,0.642403460234579,0.6122251931075461,0.8648970938962989,0.626951379513605,0.8437734373681357,0.17156246221741353,0.14864817367731312
2,spectral_slope,weighted_sampler,LogisticRegression,18,0.49,0.7682297706650923,0.5803734975017071,0.6628416518122401,0.8100089312879702,0.6188723294827417,0.8347285442601071,0.22788460970311647,0.23265907375624237
2,spectral_slope,weighted_sampler,RandomForest,18,0.5,0.6853339518277212,0.4599681866383881,0.6228337294513765,0.7101110031504873,0.5291525566329428,0.7634711242075304,0.21703229448785286,0.20078412020499242
2,spectral_slope,weighted_sampler,XGBoost,17,0.51,0.6953388013859897,0.46876156049507983,0.5489948504654387,0.7533541402899233,0.5057156703440805,0.7640179149943523,0.21626537416666677,0.20123243243737796
3,spectral_slope,weighted_sampler,AdaptiveNN,20,0.53,0.7982976363170919,0.7454484467882899,0.3589709075898706,0.9559987888392828,0.484588221755168,0.7191443659140846,0.1846817398596654,0.17968982647564172
3,spectral_slope,weighted_sampler,LogisticRegression,20,0.53,0.7935759592684245,0.7050817766848019,0.3756348821766363,0.9436004973489753,0.49014384656366544,0.6681683992333391,0.22952315678236718,0.2773362825349939
3,spectral_slope,weighted_sampler,RandomForest,20,0.57,0.8071507807833432,0.8599224583572659,0.32243040973456094,0.9811464795809899,0.46900575635352626,0.6657695276244954,0.21851801390174264,0.2515274273763705
3,spectral_slope,weighted_sampler,XGBoost,20,0.57,0.8064799802789392,0.838587240619105,0.3310989070155602,0.9771232356029712,0.4747518287151708,0.6645768446817449,0.21783050163059886,0.25005732451789914
4,spectral_slope,weighted_sampler,AdaptiveNN,18,0.4,0.3090418010786829,0.10414329975902009,0.9092495636998255,0.25161188574397225,0.1868816197204149,0.8023226901519861,0.18888211192803345,0.3541057584032201
4,spectral_slope,weighted_sampler,LogisticRegression,20,0.47,0.5513390400230299,0.15173252378853908,0.9013476827612953,0.5178490254469215,0.25974044116619865,0.8561307922251838,0.2252277190907044,0.39991789802397637
4,spectral_slope,weighted_sampler,RandomForest,20,0.46,0.4003700034714284,0.11700626016723319,0.8961120806670545,0.35293571938808643,0.2069861318731769,0.754424118374145,0.22419215742217638,0.3954442920416957
4,spectral_slope,weighted_sampler,XGBoost,20,0.46,0.42881878296798664,0.12014517126087622,0.8762361838278069,0.3860083678903083,0.21131576947583167,0.7517053529195507,0.2232265493226093,0.394171202178257
5,spectral_slope,weighted_sampler,AdaptiveNN,1,0.23,0.37143841743287437,0.286983028739136,0.9463988479305766,0.167993514658196,0.4404157591608227,0.6078564668229866,0.2248668074607849,0.18231965514479104
5,spectral_slope,weighted_sampler,LogisticRegression,18,0.44,0.32867009810391096,0.27858296901729707,0.9867867362396903,0.09580107206670638,0.4345006485084306,0.6224782145671068,0.23914890276443096,0.2264725263781864
5,spectral_slope,weighted_sampler,RandomForest,20,0.49,0.4817332179744744,0.2921749514616854,0.6909517664441078,0.40770299781616043,0.4106872392873321,0.611310149767567,0.22847514345692793,0.20830373231379
5,spectral_slope,weighted_sampler,XGBoost,20,0.49,0.47114317696342245,0.28824931511089785,0.6966092502197535,0.3913639070875521,0.4077684783263177,0.6049278008889684,0.2311570011901187,0.208290093100822
6,spectral_slope,weighted_sampler,AdaptiveNN,20,0.44,0.4310177637117313,0.34500073518600205,0.2737641032821123,0.5631796742466586,0.30528178405771644,0.3701102260740444,0.2738556994556652,0.1503268448347756
6,spectral_slope,weighted_sampler,LogisticRegression,20,0.46,0.41788945366196734,0.3128576424211597,0.2296486868050451,0.57609409780445,0.26487192081766125,0.3467303367419361,0.25897463951329597,0.08162197636064211
6,spectral_slope,weighted_sampler,RandomForest,20,0.47,0.4119833125539465,0.35992864487759985,0.3696022495245429,0.44760195726571156,0.36470131103659675,0.3828655276196684,0.25767180285938635,0.07369978221061575
6,spectral_slope,weighted_sampler,XGBoost,20,0.47,0.4202577709578765,0.38080373957145586,0.4305774324150886,0.4115847380343012,0.40416391728020196,0.39778947900363876,0.25758381377413325,0.07203987319383634
7,spectral_slope,weighted_sampler,AdaptiveNN,1,0.37,0.2103520513657634,0.19416158841792694,0.9389216167566683,0.02876680669412836,0.32178133375705986,0.6190705002583123,0.23873019218444824,0.29138924723224724
7,spectral_slope,weighted_sampler,LogisticRegression,1,0.4,0.27434160409184893,0.19757044246846547,0.8614111165657558,0.12802316570822628,0.3214208481635166,0.6081245745276893,0.22300816620024258,0.2643027704702355
7,spectral_slope,weighted_sampler,RandomForest,20,0.2,0.20082707585156165,0.1997733439396746,1.0,0.0016449828024525197,0.3330184737788596,0.7149200301986366,0.2232012127375604,0.2792603852115922
7,spectral_slope,weighted_sampler,XGBoost,20,0.2,0.2008243552073131,0.19977279971232192,1.0,0.0016415840776540641,0.3330177176215745,0.7127559551920888,0.22326606235804886,0.2798018795223083
8,spectral_slope,weighted_sampler,AdaptiveNN,20,0.45,0.5884176322202744,0.6866175340750648,0.505103407853973,0.6976754400412865,0.5820370258698667,0.6473392227563951,0.24054066821097,0.11342140791760641
8,spectral_slope,weighted_sampler,LogisticRegression,9,0.44,0.6224673516990418,0.6037578092948135,0.9734488821904044,0.1621921358061293,0.7452762757661328,0.6663455282879867,0.23617459057579593,0.07466864726065818
8,spectral_slope,weighted_sampler,RandomForest,20,0.44,0.6611631298663664,0.6560653791125545,0.8466088922381311,0.4179705943714245,0.7392563969928331,0.6783988392612639,0.23017321118707632,0.13299297622225126
8,spectral_slope,weighted_sampler,XGBoost,18,0.44,0.661593056565052,0.6574403167426727,0.8425563091350582,0.424278859351495,0.7385756436980712,0.6825550771151015,0.2289677543396888,0.1290915257478842
9,spectral_slope,weighted_sampler,AdaptiveNN,20,0.48,0.718368792043516,0.2484029538434286,0.6737687687687688,0.7243982445670487,0.36298261650340147,0.7724961536066862,0.19794186259128438,0.3202605477136269
9,spectral_slope,weighted_sampler,LogisticRegression,20,0.51,0.8249666512887086,0.36425249054115033,0.6302552552552553,0.8512895774213324,0.4616797553839724,0.8220732011805245,0.24350352447535753,0.3829322127911202
9,spectral_slope,weighted_sampler,RandomForest,20,0.5,0.5268345367479552,0.16407787413650368,0.7261111111111112,0.4998944466773032,0.26767072941228565,0.7018894847567799,0.2363558027176719,0.3714769033898471
9,spectral_slope,weighted_sampler,XGBoost,20,0.51,0.6001713032998237,0.1802983591468704,0.6647297297297298,0.5914436852724697,0.2836584514148964,0.7054404369658854,0.23636041369907,0.372438221448222
10,spectral_slope,weighted_sampler,AdaptiveNN,20,0.6,0.834857487441634,0.029633933759442184,0.004941285896988722,0.9730563461178551,0.008470213083987975,0.20173387542254123,0.26239656298919967,0.38191097396460244
10,spectral_slope,weighted_sampler,LogisticRegression,19,0.56,0.7939515147491646,0.03014249928134368,0.01422315234662636,0.9237930211096268,0.019326724330871414,0.22475864091045586,0.2537936732201771,0.3494992008675455
10,spectral_slope,weighted_sampler,RandomForest,20,0.6,0.8370067936887295,0.03400407539480387,0.005173816998023485,0.975524836563345,0.008981129536815903,0.28209989557589843,0.26228033373638215,0.3646817636312561
10,spectral_slope,weighted_sampler,XGBoost,20,0.61,0.8364812233065569,0.029338014042126378,0.004534356470177886,0.9750182313346628,0.0078547212245309,0.3045520966714972,0.2622262765463433,0.36021070201004834
1,wavelet,downsample_2x,AdaptiveNN,20,0.46,0.6622815853445613,0.5919800365133036,0.814007724301842,0.5370983160526509,0.6854630399839889,0.7636971809657518,0.22913260271110494,0.16308463592180478
1,wavelet,downsample_2x,LogisticRegression,20,0.48,0.5428300898505177,0.49642301710730946,0.7823529411764706,0.3452092065593058,0.6074215033301618,0.5841913487836847,0.2466815327825325,0.04900238103185815
1,wavelet,downsample_2x,RandomForest,20,0.46,0.5981103187074419,0.5348427344529509,0.8519904931669637,0.3886437728264333,0.6571531688426263,0.6839923997053305,0.23861640278077467,0.09839726851793562
1,wavelet,downsample_2x,XGBoost,20,0.46,0.6279396161542904,0.5557896708339186,0.8816102198455139,0.4186459788709954,0.6817724936101778,0.7454079627525825,0.23206810598231417,0.149794748505311
2,wavelet,downsample_2x,AdaptiveNN,18,0.48,0.7178480536757476,0.7456093917257767,0.784623192711428,0.6240787094979836,0.7646189571458729,0.7700109538873029,0.2252716840837145,0.1436384826362745
2,wavelet,downsample_2x,LogisticRegression,20,0.48,0.7613800682514894,0.7638612767837419,0.8561101208160031,0.6283548880545126,0.8073591557516752,0.8242759806713702,0.22908683925048673,0.22522633536790881
2,wavelet,downsample_2x,RandomForest,18,0.47,0.6389467291341315,0.6454588324059228,0.8471727074668252,0.34654429147545546,0.7326859871315854,0.6604767845152961,0.23882047504116163,0.08165903086421074
2,wavelet,downsample_2x,XGBoost,19,0.47,0.6532404997397189,0.6581175994527569,0.8455634779164191,0.3831699346405229,0.7401572243562308,0.6975909632827466,0.2349167825012889,0.09427728376112487
3,wavelet,downsample_2x,AdaptiveNN,20,0.47,0.6246889087987257,0.5310422809075442,0.450941330605359,0.7386975210504623,0.4877248661842993,0.6408020154784115,0.22498879084354223,0.08062383425171092
3,wavelet,downsample_2x,LogisticRegression,20,0.48,0.5265511896127537,0.436262085797428,0.6672768714442111,0.4342106812695048,0.5275891672520097,0.5975832567993548,0.2442647955003456,0.11894310853151696
3,wavelet,downsample_2x,RandomForest,18,0.49,0.6253466444814199,0.5346008907159986,0.4200990685403543,0.7600247306129659,0.4704835986493005,0.6097853693131152,0.23436211778320173,0.09381423047606038
3,wavelet,downsample_2x,XGBoost,19,0.5,0.6439090120454514,0.5740096833873486,0.3925680647534952,0.8088323617735382,0.466259172612989,0.6131178084673724,0.23121230696387132,0.11276502358690167
4,wavelet,downsample_2x,AdaptiveNN,20,0.46,0.5399214659685864,0.40969223861006526,0.8624927283304247,0.37863583478766727,0.5555113223895277,0.7116668588634596,0.23002145625836862,0.18724523431993337
4,wavelet,downsample_2x,LogisticRegression,20,0.47,0.4847052549932131,0.38170625374247563,0.8807203800659298,0.2866976924568548,0.5325877446920783,0.67989336466238,0.23914658323956756,0.16373496582214486
4,wavelet,downsample_2x,RandomForest,18,0.31,0.33701764591816946,0.3345659789801479,1.0,0.005526468877254218,0.5013854455301152,0.6734025417810554,0.23166467054420178,0.1631687485663045
4,wavelet,downsample_2x,XGBoost,20,0.44,0.45507724129015575,0.374813568396497,0.9502617801047121,0.20748497188287765,0.5375860461289527,0.688359616798524,0.23012955266189694,0.1737288298301984
5,wavelet,downsample_2x,AdaptiveNN,20,0.45,0.5614372572356463,0.5360722600096038,0.8247115150835064,0.3051094358862304,0.6497798898528301,0.6399799092704661,0.23979432491017386,0.05181799166565498
5,wavelet,downsample_2x,LogisticRegression,20,0.42,0.5193242732061963,0.5066001194766153,0.983336138697189,0.06755526421209804,0.6686973387173699,0.7047829518894296,0.23511701659603057,0.12111868209299344
5,wavelet,downsample_2x,RandomForest,18,0.43,0.5484237039497357,0.52566692008306,0.8664179244047953,0.23881969481772825,0.6543383381121203,0.6482043839835798,0.23942107487864284,0.0759755790201956
5,wavelet,downsample_2x,XGBoost,19,0.43,0.5579820458173028,0.5330107463041026,0.8395051338158559,0.28388688590261846,0.6520365474564945,0.6486651366118819,0.23828855734892468,0.06204500779062188
6,wavelet,downsample_2x,AdaptiveNN,20,0.47,0.5645334149889,0.7816884738762417,0.5586883218406898,0.5802573760200879,0.6516379917462499,0.5876170142815874,0.25968881857458137,0.25559260423821284
6,wavelet,downsample_2x,LogisticRegression,20,0.47,0.6885052778415712,0.7759612303298458,0.8051909412300046,0.3746076585059636,0.7903059106460341,0.639795842876295,0.2497200156491759,0.23778330303853593
6,wavelet,downsample_2x,RandomForest,20,0.45,0.6296834996214924,0.7513440379549167,0.7354066762341466,0.3452762084118016,0.7432899360833982,0.5836146212232393,0.26127111297598676,0.2578991291326519
6,wavelet,downsample_2x,XGBoost,20,0.45,0.6286585521447345,0.7586404148137214,0.7195386607861668,0.384180790960452,0.7385723652890929,0.589179530589667,0.2619937777965623,0.2601145217321028
7,wavelet,downsample_2x,AdaptiveNN,20,0.35,0.410410863899236,0.410255836461591,1.0,0.0004456581517513417,0.5818176047984958,0.7098201219913256,0.22840420871911224,0.12284617378737014
7,wavelet,downsample_2x,LogisticRegression,3,0.37,0.4103661196684453,0.41019628035573363,0.999440898925435,0.0007585670668107944,0.5816630622408285,0.6546033007620676,0.23530903534673125,0.10535118313125531
7,wavelet,downsample_2x,RandomForest,18,0.28,0.4103884917838406,0.41024665596276383,1.0,0.000407729798410802,0.5818083726391704,0.7379715190309547,0.23096717744508607,0.16066427283236231
7,wavelet,downsample_2x,XGBoost,18,0.29,0.41039408481268946,0.41024895104895104,1.0,0.00041721188674593695,0.5818106806515341,0.7182073506370434,0.22863290928736693,0.14116193220265333
8,wavelet,downsample_2x,AdaptiveNN,20,0.42,0.7057927184579167,0.7059960737325537,0.9891777610315666,0.057203633436817294,0.8239339248756383,0.6336150410127009,0.2325146041359007,0.17487388396262737
8,wavelet,downsample_2x,LogisticRegression,2,0.4,0.6966033843787148,0.6964379966464971,0.9998576572050574,0.0025391897589207004,0.8210111982949028,0.6175608612951689,0.24147250369543707,0.19280437086622637
8,wavelet,downsample_2x,RandomForest,18,0.34,0.6969734051231848,0.6966914231372846,0.9998744034162271,0.0037177570809857805,0.8211929182726857,0.5606074350013329,0.24619693354165803,0.20232254487215703
8,wavelet,downsample_2x,XGBoost,18,0.35,0.6972851548842738,0.6969388320925034,0.9997655530436239,0.004992142884519566,0.8213280321647031,0.5845416708149499,0.242912132368404,0.19802793482855632
9,wavelet,downsample_2x,AdaptiveNN,18,0.42,0.540035035035035,0.4115652678452838,0.883993993993994,0.3680555555555556,0.5616435089125157,0.6967713493899305,0.22340090630043494,0.12422010479799567
9,wavelet,downsample_2x,LogisticRegression,20,0.48,0.557992992992993,0.4074080391638451,0.7172522522522522,0.4783633633633634,0.519649063643929,0.6445378399796193,0.24089812872992292,0.15252919540448787
9,wavelet,downsample_2x,RandomForest,7,0.36,0.34227227227227225,0.3360616760590455,0.9974774774774775,0.01466966966966967,0.5027433233186266,0.600679403277151,0.23224851110998335,0.13549947211385321
9,wavelet,downsample_2x,XGBoost,19,0.43,0.5005105105105105,0.3853929325986992,0.8381081081081081,0.3317117117117117,0.5279945514912455,0.6500989036897258,0.22809900983549297,0.13181151860855042
10,wavelet,downsample_2x,AdaptiveNN,20,0.55,0.44036940586419754,0.69901795304588,0.1765492384606441,0.8748165166890037,0.2818997524752475,0.6216181004163994,0.2434923521560598,0.1300971375718379
10,wavelet,downsample_2x,LogisticRegression,20,0.52,0.4164014274691358,0.6561585008783916,0.13027554935472618,0.8875805731061331,0.21738989846730905,0.5097532283168031,0.25683799410634606,0.15166163341734062
10,wavelet,downsample_2x,RandomForest,18,0.53,0.45378809799382713,0.7339422291527438,0.19152811688563345,0.8856659646435637,0.30378190647426734,0.6277492754414343,0.24756314570638302,0.15638870984971087
10,wavelet,downsample_2x,XGBoost,18,0.54,0.44246720679012347,0.7347224654176151,0.1626167499903112,0.903312272640245,0.2662943453703116,0.6182296661978622,0.24814583030496576,0.1481042634031776
1,wavelet,weighted_sampler,AdaptiveNN,20,0.55,0.838769731387181,0.5747301864166576,0.3132501485442662,0.9506524227876764,0.40549167403761105,0.7918155932321307,0.22670898389641772,0.312964562926021
1,wavelet,weighted_sampler,LogisticRegression,20,0.49,0.4775008734740278,0.2022891199685,0.6715686274509803,0.43618400662859025,0.31092252039118057,0.5757823597712644,0.24885862483230756,0.3245824572173756
1,wavelet,weighted_sampler,RandomForest,20,0.52,0.8349968450639591,0.5306227717514982,0.5195484254307784,0.9021555568205537,0.5250272075655796,0.8248869529118423,0.23139114860919235,0.3103786725153699
1,wavelet,weighted_sampler,XGBoost,20,0.54,0.8562313897884367,0.6314278932263007,0.43465537730243614,0.945984579672745,0.514881973588126,0.8341900543531665,0.22971188479773075,0.31807671234476165
2,wavelet,weighted_sampler,AdaptiveNN,20,0.5,0.6639537253744351,0.4235374121623014,0.5088383838383839,0.725446319033458,0.46228590065115444,0.6847905530183963,0.23111422908310705,0.20370462271581566
2,wavelet,weighted_sampler,LogisticRegression,3,0.34,0.284085717699482,0.28324235499887157,0.9942934244404833,0.00253707465967867,0.4408894304659026,0.6205811865888423,0.24344553726656118,0.21462747490051773
2,wavelet,weighted_sampler,RandomForest,20,0.52,0.5878613448035929,0.3141632125143852,0.3818577936224995,0.6695276231977937,0.34471853610839504,0.5582140609504406,0.25116310787956125,0.2242134445501845
2,wavelet,weighted_sampler,XGBoost,20,0.52,0.5923805708422066,0.33497070541363955,0.4423276886512181,0.651866246601694,0.3812353634661446,0.5823550910729475,0.25063595865698785,0.22516973906596777
3,wavelet,weighted_sampler,AdaptiveNN,20,0.54,0.7432303666410672,0.5225385785698761,0.32361492489097077,0.8938559362981001,0.3996941031736796,0.6371958029216551,0.22850644479901,0.2167682169197366
3,wavelet,weighted_sampler,LogisticRegression,19,0.5,0.6356605133164567,0.3032900553771697,0.29242269243884494,0.7588694974327258,0.2977572493067072,0.49561500080099996,0.24410517843194177,0.22121219000329284
3,wavelet,weighted_sampler,RandomForest,20,0.54,0.7140375079405713,0.2915062287655719,0.05774511387497981,0.949620868041463,0.09639510759251908,0.5638774577746338,0.23487855414445463,0.20488609452057543
3,wavelet,weighted_sampler,XGBoost,19,0.54,0.7291222231703501,0.4627351189695427,0.15828532457510006,0.9340303949801254,0.23588330870504223,0.5807535858194239,0.23110320984705282,0.20132815114410288
4,wavelet,weighted_sampler,AdaptiveNN,20,0.44,0.27126673270847623,0.10292429539629208,0.9519100252084546,0.2061404729435121,0.18576314158810647,0.760701358369167,0.21958733058107363,0.3882995870746416
4,wavelet,weighted_sampler,LogisticRegression,20,0.49,0.6630851685336179,0.14566304452351186,0.5874539460926895,0.6703218205263792,0.23344249662878058,0.6936137873649774,0.2337767614474258,0.39512387152373935
4,wavelet,weighted_sampler,RandomForest,20,0.46,0.3871404743156629,0.11310128594313924,0.8796053907310452,0.34001976009573903,0.20043080831791443,0.6915197983088879,0.22691509386909742,0.3911399630508652
4,wavelet,weighted_sampler,XGBoost,20,0.46,0.4331284343857688,0.12019862664628095,0.868940275353888,0.3914284786581689,0.21118455158113011,0.7100837295708424,0.2250789438281998,0.3906223820559465
5,wavelet,weighted_sampler,AdaptiveNN,19,0.46,0.570464221645428,0.3531946850544893,0.774037292636855,0.49843160611475085,0.48505695935492943,0.6543458912844442,0.22372439371605807,0.19788822055797683
5,wavelet,weighted_sampler,LogisticRegression,20,0.44,0.3950918715997243,0.28866664461597213,0.897725785034319,0.217239097346304,0.43685964892322043,0.6741746457154298,0.2354781288056252,0.23079051238039014
5,wavelet,weighted_sampler,RandomForest,18,0.45,0.4117504729224407,0.2948767103959561,0.8989881987693804,0.2393455098934551,0.44408823930210484,0.6271042563781438,0.23240582794785064,0.21169318407811127
5,wavelet,weighted_sampler,XGBoost,18,0.44,0.4130727005215589,0.2936870798872472,0.8865978417400737,0.24551981999867645,0.4412194486327507,0.6466017467857679,0.23253908677346205,0.2164913893611809
6,wavelet,weighted_sampler,AdaptiveNN,20,0.48,0.5672213164540776,0.5275084880001474,0.501236771792269,0.6226772178585788,0.5140371712071219,0.5835387594305617,0.2446647072089714,0.018361597280545414
6,wavelet,weighted_sampler,LogisticRegression,20,0.49,0.577906716537195,0.5274203094614018,0.7278051967750592,0.4519263769991861,0.6116179765365704,0.6376001409042259,0.24437190943981724,0.07390676009966299
6,wavelet,weighted_sampler,RandomForest,20,0.47,0.527082467525548,0.486441234988986,0.6389851470708343,0.4330352327439963,0.5523750447574525,0.565530410775156,0.24558572541433238,0.0317079803959597
6,wavelet,weighted_sampler,XGBoost,20,0.48,0.5278044180173268,0.484144107912457,0.5196950074089631,0.5346198727188931,0.5012900412194196,0.543465871403444,0.24733191228105036,0.02419812155739261
7,wavelet,weighted_sampler,AdaptiveNN,18,0.36,0.20121612797910546,0.19985119899273165,1.0,0.0021310004486316736,0.33312663963749106,0.6528598368762929,0.24392179226184169,0.31810605783032764
7,wavelet,weighted_sampler,LogisticRegression,1,0.37,0.2011481118728915,0.19856434451353008,0.9894316260295641,0.004680044047473388,0.33075169804439986,0.5555091613306391,0.23471685875822074,0.2776479443528384
7,wavelet,weighted_sampler,RandomForest,18,0.28,0.20094950484274676,0.19979783723990616,1.0,0.0017979254183830226,0.33305250441113354,0.677836891155085,0.23077136254199002,0.29219835617904494
7,wavelet,weighted_sampler,XGBoost,18,0.29,0.2009984764392208,0.199807636241768,1.0,0.0018591024647552237,0.3330661186115432,0.6647662482508118,0.22950059475360904,0.28477868103333165
8,wavelet,weighted_sampler,AdaptiveNN,20,0.48,0.6097310701611869,0.6483666061705989,0.6820145692037176,0.5149388938300886,0.6647650760228191,0.6603318491107035,0.23160386314179235,0.09253437628013285
8,wavelet,weighted_sampler,LogisticRegression,20,0.49,0.6887972028636443,0.7282362552009921,0.7202880348321192,0.6475003019622053,0.7242403386141824,0.7510334465872841,0.24025320792928506,0.1355282132195344
8,wavelet,weighted_sampler,RandomForest,19,0.35,0.570268074735987,0.5690245878204517,0.9998785899690195,0.006879248059206553,0.725290777126545,0.6835171812038011,0.23352303894114246,0.11942451752089092
8,wavelet,weighted_sampler,XGBoost,20,0.46,0.6599422330535247,0.6702558062576282,0.7885958301934187,0.49122662538019785,0.7246260288174682,0.6843508679537933,0.2326404386867288,0.11788514956394347
9,wavelet,weighted_sampler,AdaptiveNN,20,0.45,0.6715196641167867,0.20865138682935083,0.6295945945945945,0.6771874911193118,0.3134301582436968,0.7190129713427361,0.19530733420812524,0.30850940942437705
9,wavelet,weighted_sampler,LogisticRegression,20,0.48,0.4073495910536047,0.12301818896135877,0.6488138138138139,0.3747061760873007,0.20682195105023968,0.5124320774487325,0.2395418395925864,0.36669316574096034
9,wavelet,weighted_sampler,RandomForest,20,0.45,0.5225948694840516,0.14511895780424827,0.6151801801801802,0.5100783124459547,0.23483995219630466,0.5654977374368535,0.21921571853260308,0.3365135961590342
9,wavelet,weighted_sampler,XGBoost,20,0.45,0.5550924286802493,0.14897724076549937,0.5805705705705706,0.5516480527441834,0.23711071523840768,0.5781844569580847,0.21606519616518155,0.3321603972995948
10,wavelet,weighted_sampler,AdaptiveNN,20,0.5,0.7365453982163801,0.2379219219219219,0.3838119598496299,0.7952830858389318,0.293750370765854,0.6858113884204524,0.20422398616713647,0.2961860859688723
10,wavelet,weighted_sampler,LogisticRegression,19,0.56,0.7514937263493328,0.06010677466863034,0.050614269658566836,0.8682051977051106,0.054953609223454165,0.4479509781351192,0.24990445724899626,0.3498756318410514
10,wavelet,weighted_sampler,RandomForest,19,0.53,0.6719804598464229,0.13797390354907407,0.24731620354222378,0.7426961723877563,0.17712981146215712,0.5259656713796157,0.2400350078634732,0.337734760044785
10,wavelet,weighted_sampler,XGBoost,19,0.57,0.7819795746752528,0.13636242148870772,0.09886447312328024,0.8957328996534433,0.1146246391300929,0.5292829776714196,0.24249508721054078,0.34044942818968454
1,emd,downsample_2x,AdaptiveNN,20,0.46,0.5201660018534188,0.48396481102215605,0.926693404634581,0.18475623207588793,0.6358549412915852,0.7398080861385905,0.24270910916514984,0.05470649889713748
1,emd,downsample_2x,LogisticRegression,20,0.5,0.5866674725009066,0.5243926158321565,0.9211378490790255,0.31070912076868396,0.6683192059189645,0.7434195496313493,0.24882376631416964,0.0834480404082543
1,emd,downsample_2x,RandomForest,20,0.5,0.6467289845145521,0.5800794644315027,0.7915775401069519,0.5272201387356914,0.66952288218111,0.7655027454965166,0.24040961042808529,0.12714957519745462
1,emd,downsample_2x,XGBoost,20,0.5,0.6438145506802584,0.5763917867728094,0.8001931075460488,0.5147927543691938,0.6700999508642298,0.7682041052833347,0.24089471462944695,0.12482369540752991
2,emd,downsample_2x,AdaptiveNN,18,0.45,0.5920382902423507,0.5901213556311973,0.9871880570409982,0.03714712835488806,0.7386765713862284,0.5817618518121905,0.2573872573711861,0.12664208197761465
2,emd,downsample_2x,LogisticRegression,20,0.49,0.5839406559083811,0.5840738060781476,0.999195385224797,0.0008169934640522876,0.7372136777116136,0.6542215432827267,0.248470987934992,0.08385257329909054
2,emd,downsample_2x,RandomForest,20,0.48,0.591980449997108,0.5947013892129868,0.9464250346603288,0.09424975664024475,0.7304271397590592,0.5315364820393573,0.24623705217028327,0.07893257448831206
2,emd,downsample_2x,XGBoost,20,0.48,0.5899777315055816,0.5924639907816401,0.9546939988116458,0.07782297316089556,0.7311752520631971,0.5265658730894266,0.2465592315809158,0.0787772371384386
3,emd,downsample_2x,AdaptiveNN,13,0.44,0.4066477523216292,0.3960990050776639,0.9485184586945207,0.051086380498145206,0.5588313820239867,0.6186602874174597,0.23913483118073048,0.06223786075150633
3,emd,downsample_2x,LogisticRegression,2,0.05,0.39619864328682963,0.39619864328682963,1.0,0.0,0.567539075033231,0.6102854068935972,0.24949541544447695,0.10684402776022042
3,emd,downsample_2x,RandomForest,20,0.49,0.503747315727349,0.4177586589827814,0.64139700999659,0.41342518989577814,0.5059674656322116,0.6004925848376651,0.24312179093150077,0.1079032518242019
3,emd,downsample_2x,XGBoost,20,0.49,0.49442169034515127,0.4138982955976603,0.663552827581256,0.38344226579520696,0.5098020290044917,0.6009167554756081,0.24371955082324007,0.10579989085057295
4,emd,downsample_2x,AdaptiveNN,20,0.46,0.3334868463577015,0.33338451219807835,1.0,0.00023026953655225907,0.5000575740129087,0.6644374914362472,0.2410850670936918,0.14935749495479875
4,emd,downsample_2x,LogisticRegression,20,0.49,0.3334706870919785,0.333373738353253,0.9999515222028311,0.00023026953655225907,0.5000393932231535,0.6700990844177903,0.2481763817706813,0.16669880451049793
4,emd,downsample_2x,RandomForest,19,0.46,0.3414129661948161,0.3358666579685563,0.9983517548962575,0.012943571844095404,0.5026359465000488,0.6483037941791411,0.24365562539460386,0.16274784743572282
4,emd,downsample_2x,XGBoost,20,0.47,0.37287505655743003,0.34555200652417684,0.9859656777196044,0.06632974597634284,0.5117504969428579,0.6516285814617726,0.24349018375083498,0.1623455155606047
5,emd,downsample_2x,AdaptiveNN,9,0.46,0.5045761945620785,0.4988595471129323,0.9346630758009313,0.08583706617138279,0.6505172520395578,0.5891112908965983,0.24868066268424593,0.02006345278664595
5,emd,downsample_2x,LogisticRegression,4,0.4,0.49338942862151364,0.4933517264288482,0.9999532439357385,0.00019119414399650387,0.6607205748781226,0.5841255393163617,0.2491677261401634,0.041286783844086815
5,emd,downsample_2x,RandomForest,20,0.46,0.5043363133955179,0.49879178317611483,0.9824945295404814,0.03879420226519538,0.6616684352554797,0.5805030405724514,0.24679146075108457,0.03103468331278643
5,emd,downsample_2x,XGBoost,20,0.46,0.5026571452295939,0.497937272284784,0.9853372982475828,0.03271240758949707,0.6615581178524004,0.5752282232305104,0.24712189293179787,0.027501664698115415
6,emd,downsample_2x,AdaptiveNN,20,0.47,0.4349052029906351,0.6843978756997273,0.41725296650215266,0.48239171374764594,0.5184347580268123,0.4318366274161657,0.2645672814654189,0.25712649118527964
6,emd,downsample_2x,LogisticRegression,17,0.48,0.5856065052268068,0.7041415546283418,0.7442915981191734,0.15872567482736974,0.7236601040266363,0.4157523193169892,0.25750536653120276,0.24295979152893116
6,emd,downsample_2x,RandomForest,20,0.47,0.46687846079256934,0.6987511974523393,0.47233598189179415,0.45219711236660387,0.5636562994935342,0.44728436458844134,0.26395585977596364,0.25419894525447917
6,emd,downsample_2x,XGBoost,20,0.47,0.484191992650999,0.70204910764667,0.5080798534542103,0.4199309478970496,0.5895190003655219,0.45077936186199596,0.26321629111650896,0.2528134232748078
7,emd,downsample_2x,AdaptiveNN,20,0.43,0.4102374800049219,0.41018469834095916,1.0,0.0001517134133621589,0.5817460632263695,0.6873352685632728,0.2426281408017518,0.1511181816074992
7,emd,downsample_2x,LogisticRegression,20,0.47,0.4103884917838406,0.41024665596276383,1.0,0.000407729798410802,0.5818083726391704,0.685275478245932,0.24511264559948812,0.13975138362431336
7,emd,downsample_2x,RandomForest,20,0.37,0.410410863899236,0.410255836461591,1.0,0.0004456581517513417,0.5818176047984958,0.702264982995967,0.23994390839843913,0.11944727472771993
7,emd,downsample_2x,XGBoost,20,0.37,0.4104388290434802,0.41026731266294436,1.0,0.0004930685934270163,0.5818291454096813,0.7025792988630142,0.2404850551367812,0.11056362994495521
8,emd,downsample_2x,AdaptiveNN,20,0.45,0.6959303545206629,0.6959406304085592,0.9999623210248682,8.623663332183511e-05,0.8207007452763089,0.4590168305383332,0.2554719880838015,0.20926567562857626
8,emd,downsample_2x,LogisticRegression,19,0.48,0.6963324243059926,0.6962526092381608,0.99984509754668,0.0016768234257023495,0.8208781312728572,0.4524487978223237,0.25000601233853054,0.1971435573233518
8,emd,downsample_2x,RandomForest,17,0.4,0.6962799804209496,0.6962561231630511,0.999698568198945,0.001839714844199149,0.8208311849025471,0.4864904413799924,0.25147448435792735,0.19958809661115845
8,emd,downsample_2x,XGBoost,20,0.41,0.6960585506841014,0.696216266669778,0.9992799129197019,0.002069679199724043,0.8206623390912091,0.48722860839203397,0.2510875846303288,0.1984684084895322
9,emd,downsample_2x,AdaptiveNN,20,0.4,0.3334084084084084,0.33335836023725507,1.0,0.00011261261261261261,0.5000281547384425,0.5985678900183968,0.23605433009604365,0.12208793785720617
9,emd,downsample_2x,LogisticRegression,20,0.5,0.5688138138138138,0.41997855289331293,0.7703453453453454,0.46804804804804806,0.5435974592209196,0.6729517101561021,0.24976286250993082,0.16751228345950558
9,emd,downsample_2x,RandomForest,20,0.48,0.4154054054054054,0.3570362691939673,0.9412462462462462,0.15248498498498497,0.5176978726215645,0.6323436862538214,0.24564647642949178,0.1626498110693473
9,emd,downsample_2x,XGBoost,20,0.48,0.4063963963963964,0.3548500547082598,0.9544294294294294,0.13237987987987987,0.5173522373968389,0.635901092252162,0.24589905041420393,0.1630958253643238
10,emd,downsample_2x,AdaptiveNN,20,0.46,0.36768180941358025,0.48410388235738855,0.24814943998759834,0.5645223051885889,0.3281107879936971,0.4111544550701022,0.26256320746168976,0.16236814115039544
10,emd,downsample_2x,LogisticRegression,20,0.49,0.29974440586419754,0.4072737686139748,0.2755881099097004,0.3395239006956411,0.3287335598548413,0.35425995448555037,0.25438780486382245,0.1550818740565504
10,emd,downsample_2x,RandomForest,20,0.48,0.4373673804012346,0.5555105986018387,0.4788784249893423,0.3690088710192099,0.5143558844036507,0.4056909879669793,0.25640677918947663,0.16134635968511682
10,emd,downsample_2x,XGBoost,20,0.48,0.44156298225308643,0.5585505769784491,0.4886641088245553,0.36399897887548666,0.5212753862849465,0.41021808912498564,0.256237969978339,0.16168988093789122
1,emd,weighted_sampler,AdaptiveNN,20,0.48,0.8053300167394127,0.4539985712674362,0.5381016042780749,0.8622227282214758,0.49248526622754246,0.7802561599565186,0.22961196183322985,0.30796316794097145
1,emd,weighted_sampler,LogisticRegression,20,0.51,0.8166095649317126,0.4667856434661908,0.31470588235294117,0.9234644503899356,0.37594825521041286,0.7207986253228447,0.25032675803804016,0.32752425964231047
1,emd,weighted_sampler,RandomForest,20,0.53,0.8084301976919427,0.46182959819323455,0.5528371954842544,0.8628457398025338,0.5032520655010615,0.7811029352996409,0.2525528560270006,0.3371651109360229
1,emd,weighted_sampler,XGBoost,20,0.53,0.8013485396035731,0.4517371995820272,0.616488413547237,0.8407051099599628,0.5214081109603498,0.7963488625637367,0.2541963044496073,0.33841931866398417
2,emd,weighted_sampler,AdaptiveNN,8,0.45,0.30475608127578524,0.28710742839683107,0.9770622895622896,0.03823278273415187,0.4438040831932348,0.5942555328036205,0.23219552281035538,0.1786427784887858
2,emd,weighted_sampler,LogisticRegression,17,0.48,0.28393109410251544,0.2838811488661765,0.9998390770449594,0.00012268252706376548,0.4422076713348736,0.7120294711528655,0.24802134895743458,0.21530570328357093
2,emd,weighted_sampler,RandomForest,20,0.5,0.572820685825936,0.35039442304164375,0.5910823925529808,0.5655811716672065,0.4399725420277436,0.6196258691222394,0.24706593752944145,0.22142349851714588
2,emd,weighted_sampler,XGBoost,20,0.5,0.5452555154939872,0.3473625386938586,0.6848138245197068,0.4899302181786061,0.4609264019129587,0.6379099854391755,0.24796492027441216,0.22365488135194572
3,emd,weighted_sampler,AdaptiveNN,11,0.45,0.34143508642186005,0.26528338082207237,0.8438324449469661,0.16109403889887453,0.40366338418743614,0.615708229124883,0.22923304233961334,0.1911318223683398
3,emd,weighted_sampler,LogisticRegression,3,0.17,0.2641436982677703,0.2641436982677703,1.0,0.0,0.4179013804043336,0.5790266108021085,0.24929185824165934,0.2356344818477527
3,emd,weighted_sampler,RandomForest,20,0.51,0.7095884176693119,0.43896098173566284,0.357579999641056,0.8359457039227434,0.3941132254618823,0.5978416544620698,0.2453501625328615,0.23428849632651222
3,emd,weighted_sampler,XGBoost,20,0.51,0.6951745029439372,0.41721413480739733,0.38809023851827923,0.8054057710519704,0.40212555265763816,0.5982302493009384,0.24659026703655995,0.2358952606651882
4,emd,weighted_sampler,AdaptiveNN,20,0.46,0.4761360461276639,0.11896104471986342,0.7803228621291448,0.44703041941498983,0.20644875815233074,0.6856963249238448,0.21926768056931906,0.3742839480621345
4,emd,weighted_sampler,LogisticRegression,13,0.49,0.08758794990982753,0.08729965462988648,0.999297071941051,0.000352527529616951,0.16057160328177245,0.6909313689306734,0.24853036668028647,0.41157609557005964
4,emd,weighted_sampler,RandomForest,20,0.49,0.417504889633976,0.10344091052412095,0.7395287958115183,0.38669254960897276,0.18149532877066807,0.6276437801215643,0.24330819572281248,0.4057791064834138
4,emd,weighted_sampler,XGBoost,20,0.49,0.33978511011201706,0.09987936417825717,0.8187899941826643,0.2939522974590187,0.17804060464233762,0.6398892494866071,0.2449263517109399,0.40709588252384027
5,emd,weighted_sampler,AdaptiveNN,1,0.44,0.3001456649998289,0.2618211265548874,0.9221324505788401,0.08006088280060883,0.4078432832271446,0.5397187598012217,0.23307159543037415,0.19912959529236293
5,emd,weighted_sampler,LogisticRegression,2,0.48,0.2625562741043802,0.26162837654280197,0.99963530269876,0.0017470716696446297,0.4147157579883964,0.5682266485446585,0.2509562735659938,0.23917374550711698
5,emd,weighted_sampler,RandomForest,20,0.43,0.30455960777987967,0.27313231127677023,0.9997662196786923,0.0585666071074052,0.4290498443930325,0.5853374665706517,0.23948445934347026,0.22526771644302535
5,emd,weighted_sampler,XGBoost,20,0.44,0.3052366078629771,0.2732724055397582,0.9993360638874862,0.05963536496591887,0.4291830153292557,0.5775769751791013,0.24048407614255632,0.2217607325544945
6,emd,weighted_sampler,AdaptiveNN,20,0.46,0.4338975736069819,0.39069708046674223,0.42836641114494733,0.43854617127055573,0.40866552573360604,0.3981236878288441,0.2500989948170721,0.005738354623336825
6,emd,weighted_sampler,LogisticRegression,20,0.49,0.4462799569493729,0.3497653937179942,0.24744186589193415,0.613390992263113,0.28983774143179775,0.392558030602633,0.25073218994310054,0.0321485021796255
6,emd,weighted_sampler,RandomForest,20,0.48,0.4400274927272146,0.3655816339262196,0.30768198630216903,0.5512556506731778,0.33414216928535223,0.40599624614545593,0.25302484283091725,0.0512044120108268
6,emd,weighted_sampler,XGBoost,20,0.48,0.43392687787048584,0.3838089526568299,0.3957611396968742,0.4660028044989655,0.3896934221032496,0.4034116257182546,0.2532586754719311,0.05699236670167046
7,emd,weighted_sampler,AdaptiveNN,17,0.48,0.20075633910109913,0.1997362929545541,0.9998090874379534,0.0016041981048710524,0.33295640840497176,0.7100681466448191,0.24599770708297408,0.29745062315414805
7,emd,weighted_sampler,LogisticRegression,1,0.46,0.199766024594624,0.19933221854863747,0.9980908743795341,0.000795301602838615,0.3322997017147994,0.5923528976327799,0.245476517749807,0.29753423929183637
7,emd,weighted_sampler,RandomForest,20,0.34,0.20088420938078136,0.19978477339908188,1.0,0.0017163560232200878,0.3330343538751144,0.729057777515876,0.24051233250088475,0.2998451076163593
7,emd,weighted_sampler,XGBoost,20,0.34,0.2009984764392208,0.199807636241768,1.0,0.0018591024647552237,0.3330661186115432,0.7308739146061216,0.24359451178348812,0.30478635765486645
8,emd,weighted_sampler,AdaptiveNN,20,0.48,0.5673607251271966,0.5673636052676586,0.9999623210248682,4.941199723292816e-05,0.7239620273882917,0.5682531895695441,0.24845172381730776,0.0671828922185098
8,emd,weighted_sampler,LogisticRegression,17,0.48,0.5673654756984527,0.5673685410767564,0.9999330151553211,9.882399446585631e-05,0.7239583649072182,0.5697386871945562,0.2482219066198071,0.07100458247859653
8,emd,weighted_sampler,RandomForest,20,0.38,0.5677906518258821,0.5676092520550484,0.999941388260906,0.00107059327338011,0.724156488335534,0.6120602998929208,0.2446284303760353,0.08108131898816169
8,emd,weighted_sampler,XGBoost,20,0.39,0.567714642685783,0.5675773312260104,0.9997948589131709,0.0010870639391244194,0.7240920840187078,0.6163207105013173,0.24393711331870294,0.07700703717506052
9,emd,weighted_sampler,AdaptiveNN,20,0.46,0.43565397448689475,0.13684597390020942,0.7044444444444444,0.39931633924837917,0.22917267083172543,0.598996730465104,0.22168896946266328,0.34215631422602355
9,emd,weighted_sampler,LogisticRegression,7,0.48,0.11959759817753315,0.11915027604936328,1.0,0.0005764835316517877,0.21292989618868274,0.4121326666954628,0.2500738368488666,0.38095950162239617
9,emd,weighted_sampler,RandomForest,20,0.49,0.41118871615508135,0.12745420611644043,0.6746996996996997,0.37556481177000745,0.2144060235042633,0.5118857074278659,0.24515694828349727,0.37431593521619955
9,emd,weighted_sampler,XGBoost,20,0.5,0.5490538979547316,0.11725910099568564,0.42686186186186187,0.5655729718538005,0.18397908401985466,0.5061902029546079,0.24760292672652345,0.37677642081157203
10,emd,weighted_sampler,AdaptiveNN,20,0.47,0.7239068136050809,0.04788880343643901,0.049470991745145916,0.8362148522455196,0.048667041566190415,0.25841618886083395,0.22277068572990802,0.31130475862859125
10,emd,weighted_sampler,LogisticRegression,20,0.51,0.7453556175175374,0.03219613738868972,0.026973607720032555,0.8649816395939414,0.02935439314220643,0.16100108880098551,0.2519185572123434,0.3557403150744595
10,emd,weighted_sampler,RandomForest,20,0.52,0.6835513067339397,0.041502380326528227,0.05507111576173313,0.7882067465618607,0.04733353319343127,0.1905548622613809,0.255539607976879,0.35245247909733946
10,emd,weighted_sampler,XGBoost,20,0.53,0.7482047622208945,0.03590685408867227,0.02955082742316785,0.867876065645712,0.03242025149611488,0.18109978981943972,0.2572284528075967,0.35200672636746777
1,fusion,downsample_2x,AdaptiveNN,20,0.49,0.7209530332943846,0.6683348141953692,0.7597890671420083,0.6889109493345099,0.7111336651558546,0.8189978772592167,0.21317419701612356,0.16421221249603146
1,fusion,downsample_2x,LogisticRegression,20,0.51,0.7215909854009697,0.6501538640190443,0.8316696375519905,0.630769419320048,0.7297943754684394,0.8465961114353837,0.21549376480017107,0.24225798086084835
1,fusion,downsample_2x,RandomForest,20,0.52,0.7360087030097909,0.6889878542510122,0.7583778966131908,0.7175527612324436,0.7220195163343233,0.8359518133425601,0.21094182827263377,0.22165605998422677
1,fusion,downsample_2x,XGBoost,20,0.52,0.7326241992022241,0.684076671842373,0.7591503267973856,0.7107385346961786,0.7196609119328583,0.8338562506948051,0.21070472940874074,0.22124812038664152
2,fusion,downsample_2x,AdaptiveNN,20,0.45,0.7110952050436694,0.7215980024968789,0.8228114478114478,0.5542170769016826,0.7688881948420754,0.7711071460876224,0.22868800062921407,0.12223985433701096
2,fusion,downsample_2x,LogisticRegression,17,0.48,0.7741699924807681,0.8060809725602599,0.8076475539710833,0.7271589486858573,0.8068635028597929,0.8347993515584541,0.22808604408798427,0.15382309504950345
2,fusion,downsample_2x,RandomForest,18,0.47,0.678704667707791,0.7012748236180181,0.7837690631808278,0.5311674315116117,0.7402306644609548,0.7420574084323373,0.2279696323174343,0.09216954238430244
2,fusion,downsample_2x,XGBoost,19,0.47,0.7019636763259877,0.7148707364762111,0.8146538918597742,0.5437178417466277,0.7615074865196362,0.7658325429374386,0.22476574458771845,0.10599942056342421
3,fusion,downsample_2x,AdaptiveNN,19,0.46,0.6435072599798057,0.568329213675632,0.4167788366625388,0.7922805158099275,0.48089666597639263,0.6439884966536558,0.2197112324535726,0.09270294354885847
3,fusion,downsample_2x,LogisticRegression,17,0.48,0.5484200122303283,0.45074030269873694,0.6395215276656078,0.4886415827592298,0.5287869737969719,0.6401556507876245,0.23200150916324977,0.17256840532402729
3,fusion,downsample_2x,RandomForest,18,0.49,0.6147482116700087,0.5148710914482771,0.4783018359984924,0.7042807513395749,0.495913212164067,0.6403709453190409,0.22503824178877807,0.14868115606235804
3,fusion,downsample_2x,XGBoost,18,0.51,0.6392017577541704,0.5603520384041896,0.4147956711355193,0.7864511570393923,0.4767105487059697,0.6351079710402435,0.22503248800484824,0.13991251932107415
4,fusion,downsample_2x,AdaptiveNN,20,0.45,0.578340120224937,0.4317688178754213,0.838399263137483,0.44831054876866394,0.5699948914852595,0.7574062621170992,0.22031735716715645,0.18794495138609324
4,fusion,downsample_2x,LogisticRegression,20,0.47,0.5172904143235731,0.40065769677169755,0.9036746170254024,0.3240983129726585,0.5551716949102063,0.758640326304457,0.23305169472368847,0.20235208009219594
4,fusion,downsample_2x,RandomForest,20,0.44,0.5400184215629242,0.41395588832654495,0.9139519100252085,0.35305167733178205,0.5698223555458165,0.7657626542772759,0.21750858077954022,0.17911853928696908
4,fusion,downsample_2x,XGBoost,18,0.44,0.5501583608040851,0.41986930138478296,0.9157213496218732,0.367376866395191,0.575750186689425,0.7652275995093036,0.21732917325866527,0.17856038193817103
5,fusion,downsample_2x,AdaptiveNN,20,0.44,0.583741592626422,0.5556021569802276,0.7804241710149806,0.3922484431333989,0.6490970180596388,0.664454657597398,0.23425031361589657,0.04398191491364762
5,fusion,downsample_2x,LogisticRegression,12,0.45,0.5901445745338463,0.556098529010493,0.8385419588920683,0.34830110346334536,0.6687199373578433,0.6800661581332792,0.2376676246950827,0.07389167472110378
5,fusion,downsample_2x,RandomForest,20,0.43,0.577315545222213,0.5481887136877223,0.8143784248817072,0.3465075203029972,0.6552822955346629,0.6583825083713379,0.2344536842031254,0.03562005262881534
5,fusion,downsample_2x,XGBoost,18,0.43,0.5791008146733464,0.5497736121856254,0.8107127494436028,0.3535999125969627,0.6552193234378306,0.6598303155032741,0.23330890059177709,0.029195787987326152
6,fusion,downsample_2x,AdaptiveNN,20,0.45,0.5955412658313982,0.7822690418417471,0.6168924358570479,0.5381042059008161,0.6898072344173,0.5965588728565154,0.26694545186208823,0.2695519638053652
6,fusion,downsample_2x,LogisticRegression,18,0.45,0.39573604838092324,0.674678704574961,0.3304514217041782,0.5713590709353421,0.44362124125292224,0.42717224956065186,0.2801092661987949,0.2804478373607604
6,fusion,downsample_2x,RandomForest,20,0.44,0.5895149148995892,0.7496549930998619,0.6559907592145332,0.4106873822975518,0.6997022503896879,0.5430393711656535,0.27146461622522317,0.2731056124633579
6,fusion,downsample_2x,XGBoost,20,0.45,0.5626153597523115,0.750819360313698,0.5987317255300034,0.4654582548650345,0.6662057863202924,0.5459291482559551,0.26883268594406523,0.26872280020168954
7,fusion,downsample_2x,AdaptiveNN,20,0.35,0.4103884917838406,0.41024665596276383,1.0,0.000407729798410802,0.5818083726391704,0.732747958215914,0.2254297472732155,0.1384870997579356
7,fusion,downsample_2x,LogisticRegression,19,0.37,0.4103157824088057,0.4102168221789622,1.0,0.0002844626500540479,0.5817783701447068,0.7522171370340555,0.22275404682425046,0.15129550186380208
7,fusion,downsample_2x,RandomForest,18,0.26,0.4103717126972941,0.4102397708582745,1.0,0.0003792835334053972,0.5818014487119475,0.7339948110669358,0.22089851393842203,0.13239878905187008
7,fusion,downsample_2x,XGBoost,18,0.26,0.41037730572614295,0.410242065867426,1.0,0.0003887656217405321,0.5818037566693774,0.7272594648891519,0.22093198495075195,0.12725795182505642
8,fusion,downsample_2x,AdaptiveNN,20,0.41,0.7134058224366594,0.7117097839714533,0.9886586284853052,0.08342915181480204,0.8276300756306644,0.5839537989381121,0.23944570442518703,0.1885140428381918
8,fusion,downsample_2x,LogisticRegression,6,0.41,0.6961663520033564,0.6965149864635567,0.9984635351251779,0.0042926679697980145,0.8205942515427452,0.56547964853643,0.2474679244019992,0.19783397026978913
8,fusion,downsample_2x,RandomForest,18,0.31,0.6966733095587722,0.6964558032394921,0.999970694130453,0.0025104442144800888,0.8210616776810499,0.5600858804369624,0.2462300557091866,0.19686910379446562
8,fusion,downsample_2x,XGBoost,19,0.31,0.6967694566813509,0.6965411648050395,0.9999037092857741,0.0029799547736767467,0.8210984099699183,0.5567470757223189,0.24596200721646966,0.19497550849935621
9,fusion,downsample_2x,AdaptiveNN,20,0.43,0.5957607607607608,0.44562238513798796,0.8716066066066066,0.4578378378378378,0.5897340817311355,0.7342074448322196,0.21808356191782785,0.13822782873653167
9,fusion,downsample_2x,LogisticRegression,19,0.49,0.5861811811811812,0.42682538382431906,0.7042042042042042,0.5271696696696697,0.531501974716825,0.6675105232484737,0.24022147259133161,0.18093816027899554
9,fusion,downsample_2x,RandomForest,20,0.47,0.6134484484484485,0.4557758054185348,0.8227027027027027,0.5088213213213213,0.58658473265281,0.7564768120598075,0.2249778742179243,0.1663799643950108
9,fusion,downsample_2x,XGBoost,20,0.45,0.5696096096096096,0.43042779444053786,0.9007057057057057,0.4040615615615616,0.5824941980715264,0.7462580926083742,0.22282405549125037,0.1611671445346228
10,fusion,downsample_2x,AdaptiveNN,19,0.55,0.41706452546296297,0.8055190538764783,0.08314924621168081,0.9669410938796349,0.15073858746245586,0.6458776763160692,0.24467878148686292,0.13991550523764656
10,fusion,downsample_2x,LogisticRegression,18,0.5,0.3650535300925926,0.4616165277274375,0.12339650428244778,0.7630033824749506,0.19473708353083286,0.45330711418656455,0.26055573709601754,0.16923468910653958
10,fusion,downsample_2x,RandomForest,20,0.56,0.39427806712962965,0.747014115092291,0.03999534937797931,0.9776948114110664,0.07592561937869007,0.6014474638093701,0.2528698541119333,0.16582081746461502
10,fusion,downsample_2x,XGBoost,20,0.56,0.3998119212962963,0.7680776014109347,0.05063364725031973,0.9748228987172123,0.0950043630017452,0.6048881169832819,0.252322759683137,0.1634006672533405
1,fusion,weighted_sampler,AdaptiveNN,20,0.58,0.8921429055657244,0.8699680693351579,0.4532828282828283,0.9855758587756083,0.5960193757568655,0.8715257284977123,0.23491573967029603,0.36275721258795846
1,fusion,weighted_sampler,LogisticRegression,20,0.61,0.9079384448511966,0.8704921068469053,0.558630421865716,0.9823058385988881,0.6805341922875083,0.8631581750340938,0.241808356529382,0.3957750748733237
1,fusion,weighted_sampler,RandomForest,20,0.6,0.9098001178538091,0.8583190995488985,0.5822341057635175,0.9795386551804837,0.6938204733329794,0.8888974694828502,0.24264179424052346,0.3989485622625473
1,fusion,weighted_sampler,XGBoost,20,0.6,0.9089631472181807,0.8432514882528653,0.5912655971479501,0.9766006970139719,0.6951267430996394,0.8912655053782733,0.24260006363493714,0.3972499894389767
2,fusion,weighted_sampler,AdaptiveNN,20,0.51,0.737888403933062,0.5439372669134017,0.4748341255694197,0.8421713825830069,0.5070420673474109,0.773025754255481,0.22246209291091742,0.20188290939220135
2,fusion,weighted_sampler,LogisticRegression,17,0.49,0.7431737196111919,0.5336508630107057,0.7558798772034067,0.7381365996329339,0.6256166467734582,0.8193383847437414,0.23242088347796278,0.22636269517058774
2,fusion,weighted_sampler,RandomForest,20,0.5,0.6409675220162917,0.400821884769158,0.5348707664884136,0.6830276084758904,0.45824429302436565,0.6730369862247481,0.23658705804024202,0.21934819311755882
2,fusion,weighted_sampler,XGBoost,20,0.5,0.6597296898391212,0.4310635226179018,0.6209397900574372,0.6751072245286537,0.5088662554780068,0.7131355742290949,0.23438452073323635,0.22181354822920424
3,fusion,weighted_sampler,AdaptiveNN,20,0.56,0.7990158432175669,0.8243657788381945,0.3038460848184641,0.9767624643255187,0.44403063365505663,0.6238718224756755,0.2211105247821632,0.24015614090635357
3,fusion,weighted_sampler,LogisticRegression,20,0.55,0.7940429122697235,0.756692320562155,0.3246827832516736,0.9625248835546278,0.4543936102075929,0.6339706155950896,0.23400873627253943,0.2707580639784413
3,fusion,weighted_sampler,RandomForest,20,0.55,0.803031164964777,0.8269798781613439,0.32159586496527215,0.9758476514434072,0.4631010376419812,0.6690319031314205,0.2212751069081076,0.25325010120770153
3,fusion,weighted_sampler,XGBoost,20,0.55,0.7934835167960861,0.7443711804438726,0.3322744485723003,0.9590395753206676,0.45945577049546477,0.6429379673679805,0.2220051152426533,0.25070863630491846
4,fusion,weighted_sampler,AdaptiveNN,20,0.45,0.5642235430584132,0.1466157181804521,0.8277341477603257,0.5390099542641915,0.2491073089422295,0.795414524987179,0.20523064979287753,0.3741325559312291
4,fusion,weighted_sampler,LogisticRegression,20,0.48,0.604589482418485,0.16287806844028963,0.852239674229203,0.5808934717467739,0.27348778600125234,0.8260050486500349,0.23097798220125468,0.40576516281634156
4,fusion,weighted_sampler,RandomForest,20,0.46,0.536373796642028,0.141072337126382,0.8468101609462866,0.5066701919419628,0.24185363895023226,0.7813646811588749,0.21621662919202161,0.3859160610736172
4,fusion,weighted_sampler,XGBoost,20,0.46,0.5444491012387073,0.14356608080253414,0.8491855730075626,0.5152908815971352,0.24560874640269487,0.776460855186857,0.2158509295792349,0.3851652010779418
5,fusion,weighted_sampler,AdaptiveNN,18,0.44,0.44637279486164266,0.2948010007447243,0.8032691840131665,0.3200880153530541,0.4313104255110828,0.643201723580205,0.22241772506563168,0.19316625611562177
5,fusion,weighted_sampler,LogisticRegression,10,0.45,0.37988992027529705,0.274340092548465,0.8343619667470871,0.21907881675600555,0.41291334720123657,0.5983024900060065,0.24130331308792252,0.229493620073249
5,fusion,weighted_sampler,RandomForest,20,0.49,0.49638281544048996,0.3044973826739723,0.7218294712824254,0.41661041625306067,0.4283142039890024,0.6344338234630054,0.22981328268019907,0.21420996524245745
5,fusion,weighted_sampler,XGBoost,20,0.49,0.49108168482591075,0.30445039924629713,0.7373337821915502,0.4039474554959963,0.43095598563644016,0.6386942018633638,0.23170207463917578,0.21755910310991397
6,fusion,weighted_sampler,AdaptiveNN,20,0.46,0.49347047728653176,0.43847554203169053,0.3892214171537914,0.5810853214877573,0.412382986219493,0.49239444143982136,0.2526209432063707,0.07752880774649651
6,fusion,weighted_sampler,LogisticRegression,19,0.46,0.4164801849898234,0.32814405831619214,0.26524087880803204,0.5435874052501005,0.293358368094874,0.37676674900978235,0.2572871075025554,0.07670731809682829
6,fusion,weighted_sampler,RandomForest,20,0.46,0.5018488326247029,0.45812680765963854,0.49714725751688893,0.5058002137695016,0.47684009087144824,0.5029896147086464,0.25086546896849743,0.054358055924994965
6,fusion,weighted_sampler,XGBoost,20,0.46,0.5000319682874589,0.45916624811652434,0.5333286662699663,0.472048166779435,0.4934766297629779,0.4994467039982378,0.25125646280088887,0.05884572869453263
7,fusion,weighted_sampler,AdaptiveNN,16,0.37,0.2013494395472848,0.19982880073277648,0.9995909016527573,0.002399499707709667,0.3330728196366743,0.68143131834829,0.2395393382781288,0.30135251559390686
7,fusion,weighted_sampler,LogisticRegression,1,0.37,0.2055065839590815,0.1973757769991642,0.9725222276768668,0.014339219924684258,0.3281522484344013,0.6136543785184825,0.22330910897004386,0.26482279228306255
7,fusion,weighted_sampler,RandomForest,18,0.24,0.2008950919577756,0.1997869505872481,1.0,0.0017299509224139103,0.33303737882706647,0.7139708550058722,0.22178921470045612,0.2765440371054361
7,fusion,weighted_sampler,XGBoost,19,0.24,0.2008814887365328,0.19978422910945468,1.0,0.0017129572984216322,0.33303359764571244,0.7106766466724875,0.2225499244973792,0.27765972524882865
8,fusion,weighted_sampler,AdaptiveNN,18,0.45,0.6331157571697996,0.6585429995829842,0.7338566524323872,0.5010047106104029,0.6941630019186713,0.6753898028598255,0.23263703419018175,0.1410142528091146
8,fusion,weighted_sampler,LogisticRegression,7,0.45,0.6217761435812657,0.6583375423051379,0.6930293896006029,0.5283350353021269,0.6752381671075469,0.6606712924353735,0.23765139851591657,0.07800367412857145
8,fusion,weighted_sampler,RandomForest,17,0.42,0.6835454463399224,0.6598053869568111,0.9129490077869882,0.3827068990128581,0.7660047562008002,0.6728774534301041,0.23109684958080745,0.16344747549144198
8,fusion,weighted_sampler,XGBoost,11,0.41,0.66665003966727,0.6445361211932713,0.9196391191492925,0.3348815759132984,0.7578954268887007,0.6605540058630752,0.232368733924214,0.14013664174697413
9,fusion,weighted_sampler,AdaptiveNN,20,0.47,0.6866633764989039,0.21482387655345134,0.6143543543543544,0.696438793281937,0.3183344160769928,0.7246985291099375,0.20893479073149707,0.33238273566247534
9,fusion,weighted_sampler,LogisticRegression,20,0.51,0.8191033577592527,0.30928813409695327,0.42084084084084084,0.8729442475469001,0.3565427010386653,0.6794907603232108,0.24330014303613565,0.3781286707722357
9,fusion,weighted_sampler,RandomForest,20,0.49,0.6581587219844003,0.19013173605030645,0.5738438438438438,0.6695572038112869,0.28562673761621477,0.6804247801639924,0.22968222422296544,0.3604636659442054
9,fusion,weighted_sampler,XGBoost,20,0.49,0.6954377532445704,0.20746703067360084,0.5522672672672673,0.7147928922016393,0.30162452949328783,0.7043021836828243,0.22368881709074792,0.35305148995607405
10,fusion,weighted_sampler,AdaptiveNN,20,0.55,0.821981013078404,0.11753059755219583,0.03796070224392512,0.9525372209637761,0.057386413568854905,0.4698281579836656,0.2249529250070832,0.3078754863031519
10,fusion,weighted_sampler,LogisticRegression,20,0.57,0.7965102126623735,0.04108844674803545,0.019048172693097703,0.9259743276993669,0.026029392294452534,0.37350374814106996,0.25144966210914393,0.35007494944041867
10,fusion,weighted_sampler,RandomForest,20,0.59,0.8350870787138462,0.09437019036046983,0.018059915513699957,0.9711396358895923,0.030317816596727498,0.4717731110522208,0.24500759690872495,0.33820207781809347
10,fusion,weighted_sampler,XGBoost,20,0.6,0.8332669454955852,0.09756776828815447,0.020365848932294695,0.9686324240253497,0.033697778062778544,0.4916649757903632,0.24411318197090645,0.33729451096546986
