trial,feature,cohens_d,abs_d,category
1,delta_slope,-0.13742536240687386,0.13742536240687386,Negligible
1,delta_intercept,0.15392774488046565,0.15392774488046565,Negligible
1,delta_midband,0.15861233337255118,0.15861233337255118,Negligible
1,theta_slope,-0.030830967778031144,0.030830967778031144,Negligible
1,theta_intercept,0.05734399211664691,0.05734399211664691,Negligible
1,theta_midband,0.06891141751596118,0.06891141751596118,Negligible
1,alpha_slope,-0.04984745023012285,0.04984745023012285,Negligible
1,alpha_intercept,0.05092587412663003,0.05092587412663003,Negligible
1,alpha_midband,0.03358506363298956,0.03358506363298956,Negligible
1,beta_slope,-0.052420286484809585,0.052420286484809585,Negligible
1,beta_intercept,0.008258001953657487,0.008258001953657487,Negligible
1,beta_midband,-0.026678128382960718,0.026678128382960718,Negligible
2,delta_slope,-0.17643242595764436,0.17643242595764436,Negligible
2,delta_intercept,0.21454756211407983,0.21454756211407983,Small
2,delta_midband,0.24009527970106875,0.24009527970106875,Small
2,theta_slope,-0.08714410576138736,0.08714410576138736,Negligible
2,theta_intercept,0.15261167786905286,0.15261167786905286,Negligible
2,theta_midband,0.18001532477396745,0.18001532477396745,Negligible
2,alpha_slope,-0.09610450484533212,0.09610450484533212,Negligible
2,alpha_intercept,0.10891028775029653,0.10891028775029653,Negligible
2,alpha_midband,0.08630514164738527,0.08630514164738527,Negligible
2,beta_slope,-0.06551436473654644,0.06551436473654644,Negligible
2,beta_intercept,0.009681752626983377,0.009681752626983377,Negligible
2,beta_midband,-0.036104309566205674,0.036104309566205674,Negligible
3,delta_slope,-0.12577934401011237,0.12577934401011237,Negligible
3,delta_intercept,0.1565225273822772,0.1565225273822772,Negligible
3,delta_midband,0.17817781931867538,0.17817781931867538,Negligible
3,theta_slope,-0.067722105591628,0.067722105591628,Negligible
3,theta_intercept,0.0998376561664389,0.0998376561664389,Negligible
3,theta_midband,0.11072606785632683,0.11072606785632683,Negligible
3,alpha_slope,-0.07365877722864446,0.07365877722864446,Negligible
3,alpha_intercept,0.07498073759692726,0.07498073759692726,Negligible
3,alpha_midband,0.04857083102517111,0.04857083102517111,Negligible
3,beta_slope,-0.04872719763649868,0.04872719763649868,Negligible
3,beta_intercept,-0.004079395212721202,0.004079395212721202,Negligible
3,beta_midband,-0.04375793031381548,0.04375793031381548,Negligible
4,delta_slope,-0.24559305534947942,0.24559305534947942,Small
4,delta_intercept,0.27356319555408054,0.27356319555408054,Small
4,delta_midband,0.2864213582457515,0.2864213582457515,Small
4,theta_slope,-0.10168927165694588,0.10168927165694588,Negligible
4,theta_intercept,0.16085670428137702,0.16085670428137702,Negligible
4,theta_midband,0.18474451986215137,0.18474451986215137,Negligible
4,alpha_slope,-0.10155783471552607,0.10155783471552607,Negligible
4,alpha_intercept,0.11354105716114148,0.11354105716114148,Negligible
4,alpha_midband,0.08737996577810701,0.08737996577810701,Negligible
4,beta_slope,-0.06361814624486274,0.06361814624486274,Negligible
4,beta_intercept,0.016130835013642594,0.016130835013642594,Negligible
4,beta_midband,-0.026167824252682517,0.026167824252682517,Negligible
5,delta_slope,-0.335107376426467,0.335107376426467,Small
5,delta_intercept,0.3688089223981679,0.3688089223981679,Small
5,delta_midband,0.38410386143861824,0.38410386143861824,Small
5,theta_slope,-0.15664406659717647,0.15664406659717647,Negligible
5,theta_intercept,0.23535370428511945,0.23535370428511945,Small
5,theta_midband,0.2784100174129438,0.2784100174129438,Small
5,alpha_slope,-0.1296597455714164,0.1296597455714164,Negligible
5,alpha_intercept,0.16892909671443546,0.16892909671443546,Negligible
5,alpha_midband,0.18091519307016868,0.18091519307016868,Negligible
5,beta_slope,-0.09297840085920984,0.09297840085920984,Negligible
5,beta_intercept,0.055285635469754325,0.055285635469754325,Negligible
5,beta_midband,0.004252451696175005,0.004252451696175005,Negligible
6,delta_slope,-0.3862092434001435,0.3862092434001435,Small
6,delta_intercept,0.42478573005008724,0.42478573005008724,Small
6,delta_midband,0.43905372815445876,0.43905372815445876,Small
6,theta_slope,-0.1647885507409293,0.1647885507409293,Negligible
6,theta_intercept,0.24916637476352274,0.24916637476352274,Small
6,theta_midband,0.2788554810686455,0.2788554810686455,Small
6,alpha_slope,-0.13944311321480599,0.13944311321480599,Negligible
6,alpha_intercept,0.16229069093092877,0.16229069093092877,Negligible
6,alpha_midband,0.13561372189928447,0.13561372189928447,Negligible
6,beta_slope,-0.09059407484054571,0.09059407484054571,Negligible
6,beta_intercept,0.04167362050582379,0.04167362050582379,Negligible
6,beta_midband,-0.011315563184666621,0.011315563184666621,Negligible
7,delta_slope,-0.4852934155113385,0.4852934155113385,Small
7,delta_intercept,0.5199498153833491,0.5199498153833491,Medium
7,delta_midband,0.524683969374054,0.524683969374054,Medium
7,theta_slope,-0.19302261952720023,0.19302261952720023,Negligible
7,theta_intercept,0.2911087444966202,0.2911087444966202,Small
7,theta_midband,0.32463040358468137,0.32463040358468137,Small
7,alpha_slope,-0.15745062630634696,0.15745062630634696,Negligible
7,alpha_intercept,0.18583425333050171,0.18583425333050171,Negligible
7,alpha_midband,0.15868473223736543,0.15868473223736543,Negligible
7,beta_slope,-0.10192631976606976,0.10192631976606976,Negligible
7,beta_intercept,0.05504407978911898,0.05504407978911898,Negligible
7,beta_midband,-0.000958996037679723,0.000958996037679723,Negligible
8,delta_slope,-0.3215045037527155,0.3215045037527155,Small
8,delta_intercept,0.3532925501246363,0.3532925501246363,Small
8,delta_midband,0.36506944190846796,0.36506944190846796,Small
8,theta_slope,-0.14389731132830014,0.14389731132830014,Negligible
8,theta_intercept,0.19506041621126388,0.19506041621126388,Negligible
8,theta_midband,0.20869581692486547,0.20869581692486547,Small
8,alpha_slope,-0.11585760920781699,0.11585760920781699,Negligible
8,alpha_intercept,0.12936989368728935,0.12936989368728935,Negligible
8,alpha_midband,0.10011518031707502,0.10011518031707502,Negligible
8,beta_slope,-0.07792961526735746,0.07792961526735746,Negligible
8,beta_intercept,0.037809959581324847,0.037809959581324847,Negligible
8,beta_midband,-0.006995722758575897,0.006995722758575897,Negligible
9,delta_slope,-0.09580635652867969,0.09580635652867969,Negligible
9,delta_intercept,0.1173070127106784,0.1173070127106784,Negligible
9,delta_midband,0.13208247123107733,0.13208247123107733,Negligible
9,theta_slope,-0.06793719378867731,0.06793719378867731,Negligible
9,theta_intercept,0.08098263186051831,0.08098263186051831,Negligible
9,theta_midband,0.07607929081277125,0.07607929081277125,Negligible
9,alpha_slope,-0.059464078333282926,0.059464078333282926,Negligible
9,alpha_intercept,0.051876563264222374,0.051876563264222374,Negligible
9,alpha_midband,0.021606022336036562,0.021606022336036562,Negligible
9,beta_slope,-0.03278261372078003,0.03278261372078003,Negligible
9,beta_intercept,-0.012847099603546935,0.012847099603546935,Negligible
9,beta_midband,-0.04349023350337467,0.04349023350337467,Negligible
10,delta_slope,-0.29751094692387087,0.29751094692387087,Small
10,delta_intercept,0.3327813647540314,0.3327813647540314,Small
10,delta_midband,0.3513795934622777,0.3513795934622777,Small
10,theta_slope,-0.1526162324146676,0.1526162324146676,Negligible
10,theta_intercept,0.23047016798565428,0.23047016798565428,Small
10,theta_midband,0.27324727814236194,0.27324727814236194,Small
10,alpha_slope,-0.13080646581443972,0.13080646581443972,Negligible
10,alpha_intercept,0.1681356295629407,0.1681356295629407,Negligible
10,alpha_midband,0.1751232007108882,0.1751232007108882,Negligible
10,beta_slope,-0.0940897791428099,0.0940897791428099,Negligible
10,beta_intercept,0.04408137917185151,0.04408137917185151,Negligible
10,beta_midband,-0.01827018607091307,0.01827018607091307,Negligible
